src,out_main,out_w800,status
/content/drive/MyDrive/Personal/MarkYoga/Light On Yoga/archive/Asana Images (Renamed)/01_Standing_and_Basic/010_Samsthiti-Tadasana_Plate1.jpg,/content/drive/MyDrive/Personal/MarkYoga/Light On Yoga/web_images_from_renamed/main/01_Standing_and_Basic/010_Samsthiti-Tadasana_Plate1.webp,/content/drive/MyDrive/Personal/MarkYoga/Light On Yoga/web_images_from_renamed/w800/01_Standing_and_Basic/010_Samsthiti-Tadasana_Plate1.webp,OK plates=10
/content/drive/MyDrive/Personal/MarkYoga/Light On Yoga/archive/Asana Images (Renamed)/01_Standing_and_Basic/020_Vrksasana_Plate2.jpg,/content/drive/MyDrive/Personal/MarkYoga/Light On Yoga/web_images_from_renamed/main/01_Standing_and_Basic/020_Vrksasana_Plate2.webp,/content/drive/MyDrive/Personal/MarkYoga/Light On Yoga/web_images_from_renamed/w800/01_Standing_and_Basic/020_Vrksasana_Plate2.webp,OK plates=20
/content/drive/MyDrive/Personal/MarkYoga/Light On Yoga/archive/Asana Images (Renamed)/01_Standing_and_Basic/030_Uttihita_Trikonasana_Plate4.jpg,/content/drive/MyDrive/Personal/MarkYoga/Light On Yoga/web_images_from_renamed/main/01_Standing_and_Basic/030_Uttihita_Trikonasana_Plate4.webp,/content/drive/MyDrive/Personal/MarkYoga/Light On Yoga/web_images_from_renamed/w800/01_Standing_and_Basic/030_Uttihita_Trikonasana_Plate4.webp,OK plates=30
/content/drive/MyDrive/Personal/MarkYoga/Light On Yoga/archive/Asana Images (Renamed)/01_Standing_and_Basic/030_Uttihita_Trikonasana_Plate5.jpg,/content/drive/MyDrive/Personal/MarkYoga/Light On Yoga/web_images_from_renamed/main/01_Standing_and_Basic/030_Uttihita_Trikonasana_Plate5.webp,/content/drive/MyDrive/Personal/MarkYoga/Light On Yoga/web_images_from_renamed/w800/01_Standing_and_Basic/030_Uttihita_Trikonasana_Plate5.webp,OK plates=30
/content/drive/MyDrive/Personal/MarkYoga/Light On Yoga/archive/Asana Images (Renamed)/01_Standing_and_Basic/040_Parivrtta_Trikonasana_Plate6.jpg,/content/drive/MyDrive/Personal/MarkYoga/Light On Yoga/web_images_from_renamed/main/01_Standing_and_Basic/040_Parivrtta_Trikonasana_Plate6.webp,/content/drive/MyDrive/Personal/MarkYoga/Light On Yoga/web_images_from_renamed/w800/01_Standing_and_Basic/040_Parivrtta_Trikonasana_Plate6.webp,OK plates=40
/content/drive/MyDrive/Personal/MarkYoga/Light On Yoga/archive/Asana Images (Renamed)/01_Standing_and_Basic/040_Parivrtta_Trikonasana_Plate7.jpg,/content/drive/MyDrive/Personal/MarkYoga/Light On Yoga/web_images_from_renamed/main/01_Standing_and_Basic/040_Parivrtta_Trikonasana_Plate7.webp,/content/drive/MyDrive/Personal/MarkYoga/Light On Yoga/web_images_from_renamed/w800/01_Standing_and_Basic/040_Parivrtta_Trikonasana_Plate7.webp,OK plates=40
/content/drive/MyDrive/Personal/MarkYoga/Light On Yoga/archive/Asana Images (Renamed)/01_Standing_and_Basic/050_Uttihita_Parsvakonasana_Plate8.jpg,/content/drive/MyDrive/Personal/MarkYoga/Light On Yoga/web_images_from_renamed/main/01_Standing_and_Basic/050_Uttihita_Parsvakonasana_Plate8.webp,/content/drive/MyDrive/Personal/MarkYoga/Light On Yoga/web_images_from_renamed/w800/01_Standing_and_Basic/050_Uttihita_Parsvakonasana_Plate8.webp,OK plates=50
/content/drive/MyDrive/Personal/MarkYoga/Light On Yoga/archive/Asana Images (Renamed)/01_Standing_and_Basic/050_Uttihita_Parsvakonasana_Plate9.jpg,/content/drive/MyDrive/Personal/MarkYoga/Light On Yoga/web_images_from_renamed/main/01_Standing_and_Basic/050_Uttihita_Parsvakonasana_Plate9.webp,/content/drive/MyDrive/Personal/MarkYoga/Light On Yoga/web_images_from_renamed/w800/01_Standing_and_Basic/050_Uttihita_Parsvakonasana_Plate9.webp,OK plates=50
/content/drive/MyDrive/Personal/MarkYoga/Light On Yoga/archive/Asana Images (Renamed)/01_Standing_and_Basic/060_Parivrtta_Parsvakonasana_Plate10.jpg,/content/drive/MyDrive/Personal/MarkYoga/Light On Yoga/web_images_from_renamed/main/01_Standing_and_Basic/060_Parivrtta_Parsvakonasana_Plate10.webp,/content/drive/MyDrive/Personal/MarkYoga/Light On Yoga/web_images_from_renamed/w800/01_Standing_and_Basic/060_Parivrtta_Parsvakonasana_Plate10.webp,OK plates=60
/content/drive/MyDrive/Personal/MarkYoga/Light On Yoga/archive/Asana Images (Renamed)/01_Standing_and_Basic/060_Parivrtta_Parsvakonasana_Plate11.jpg,/content/drive/MyDrive/Personal/MarkYoga/Light On Yoga/web_images_from_renamed/main/01_Standing_and_Basic/060_Parivrtta_Parsvakonasana_Plate11.webp,/content/drive/MyDrive/Personal/MarkYoga/Light On Yoga/web_images_from_renamed/w800/01_Standing_and_Basic/060_Parivrtta_Parsvakonasana_Plate11.webp,OK plates=60
/content/drive/MyDrive/Personal/MarkYoga/Light On Yoga/archive/Asana Images (Renamed)/01_Standing_and_Basic/070_Virabhadrasana_I_Plate14.jpg,/content/drive/MyDrive/Personal/MarkYoga/Light On Yoga/web_images_from_renamed/main/01_Standing_and_Basic/070_Virabhadrasana_I_Plate14.webp,/content/drive/MyDrive/Personal/MarkYoga/Light On Yoga/web_images_from_renamed/w800/01_Standing_and_Basic/070_Virabhadrasana_I_Plate14.webp,OK plates=70
/content/drive/MyDrive/Personal/MarkYoga/Light On Yoga/archive/Asana Images (Renamed)/01_Standing_and_Basic/080_Virabhadrasana_II_Plate15.jpg,/content/drive/MyDrive/Personal/MarkYoga/Light On Yoga/web_images_from_renamed/main/01_Standing_and_Basic/080_Virabhadrasana_II_Plate15.webp,/content/drive/MyDrive/Personal/MarkYoga/Light On Yoga/web_images_from_renamed/w800/01_Standing_and_Basic/080_Virabhadrasana_II_Plate15.webp,OK plates=80
/content/drive/MyDrive/Personal/MarkYoga/Light On Yoga/archive/Asana Images (Renamed)/01_Standing_and_Basic/090_Virabhadrasana_III_Plate17.jpg,/content/drive/MyDrive/Personal/MarkYoga/Light On Yoga/web_images_from_renamed/main/01_Standing_and_Basic/090_Virabhadrasana_III_Plate17.webp,/content/drive/MyDrive/Personal/MarkYoga/Light On Yoga/web_images_from_renamed/w800/01_Standing_and_Basic/090_Virabhadrasana_III_Plate17.webp,OK plates=90
/content/drive/MyDrive/Personal/MarkYoga/Light On Yoga/archive/Asana Images (Renamed)/01_Standing_and_Basic/100_Ardha_Chandrasana_Plate19.jpg,/content/drive/MyDrive/Personal/MarkYoga/Light On Yoga/web_images_from_renamed/main/01_Standing_and_Basic/100_Ardha_Chandrasana_Plate19.webp,/content/drive/MyDrive/Personal/MarkYoga/Light On Yoga/web_images_from_renamed/w800/01_Standing_and_Basic/100_Ardha_Chandrasana_Plate19.webp,OK plates=100
/content/drive/MyDrive/Personal/MarkYoga/Light On Yoga/archive/Asana Images (Renamed)/01_Standing_and_Basic/110_Uttithita_Padangusthasana_Plate20.jpg,/content/drive/MyDrive/Personal/MarkYoga/Light On Yoga/web_images_from_renamed/main/01_Standing_and_Basic/110_Uttithita_Padangusthasana_Plate20.webp,/content/drive/MyDrive/Personal/MarkYoga/Light On Yoga/web_images_from_renamed/w800/01_Standing_and_Basic/110_Uttithita_Padangusthasana_Plate20.webp,OK plates=110
/content/drive/MyDrive/Personal/MarkYoga/Light On Yoga/archive/Asana Images (Renamed)/01_Standing_and_Basic/120_Parsvottanasana_Plate24.jpg,/content/drive/MyDrive/Personal/MarkYoga/Light On Yoga/web_images_from_renamed/main/01_Standing_and_Basic/120_Parsvottanasana_Plate24.webp,/content/drive/MyDrive/Personal/MarkYoga/Light On Yoga/web_images_from_renamed/w800/01_Standing_and_Basic/120_Parsvottanasana_Plate24.webp,OK plates=120
/content/drive/MyDrive/Personal/MarkYoga/Light On Yoga/archive/Asana Images (Renamed)/01_Standing_and_Basic/130_Prasarita_Padotanasana_I_Plate29.jpg,/content/drive/MyDrive/Personal/MarkYoga/Light On Yoga/web_images_from_renamed/main/01_Standing_and_Basic/130_Prasarita_Padotanasana_I_Plate29.webp,/content/drive/MyDrive/Personal/MarkYoga/Light On Yoga/web_images_from_renamed/w800/01_Standing_and_Basic/130_Prasarita_Padotanasana_I_Plate29.webp,OK plates=130
/content/drive/MyDrive/Personal/MarkYoga/Light On Yoga/archive/Asana Images (Renamed)/01_Standing_and_Basic/140_Prasarita_Padotanasana_II_Plate35.jpg,/content/drive/MyDrive/Personal/MarkYoga/Light On Yoga/web_images_from_renamed/main/01_Standing_and_Basic/140_Prasarita_Padotanasana_II_Plate35.webp,/content/drive/MyDrive/Personal/MarkYoga/Light On Yoga/web_images_from_renamed/w800/01_Standing_and_Basic/140_Prasarita_Padotanasana_II_Plate35.webp,OK plates=140
/content/drive/MyDrive/Personal/MarkYoga/Light On Yoga/archive/Asana Images (Renamed)/01_Standing_and_Basic/150_Parighasana_Plate37.jpg,/content/drive/MyDrive/Personal/MarkYoga/Light On Yoga/web_images_from_renamed/main/01_Standing_and_Basic/150_Parighasana_Plate37.webp,/content/drive/MyDrive/Personal/MarkYoga/Light On Yoga/web_images_from_renamed/w800/01_Standing_and_Basic/150_Parighasana_Plate37.webp,OK plates=150
/content/drive/MyDrive/Personal/MarkYoga/Light On Yoga/archive/Asana Images (Renamed)/01_Standing_and_Basic/160_Ustrasana_Plate40.jpg,/content/drive/MyDrive/Personal/MarkYoga/Light On Yoga/web_images_from_renamed/main/01_Standing_and_Basic/160_Ustrasana_Plate40.webp,/content/drive/MyDrive/Personal/MarkYoga/Light On Yoga/web_images_from_renamed/w800/01_Standing_and_Basic/160_Ustrasana_Plate40.webp,OK plates=160
/content/drive/MyDrive/Personal/MarkYoga/Light On Yoga/archive/Asana Images (Renamed)/01_Standing_and_Basic/170_Utkatasana_Plate42.jpg,/content/drive/MyDrive/Personal/MarkYoga/Light On Yoga/web_images_from_renamed/main/01_Standing_and_Basic/170_Utkatasana_Plate42.webp,/content/drive/MyDrive/Personal/MarkYoga/Light On Yoga/web_images_from_renamed/w800/01_Standing_and_Basic/170_Utkatasana_Plate42.webp,OK plates=170
/content/drive/MyDrive/Personal/MarkYoga/Light On Yoga/archive/Asana Images (Renamed)/01_Standing_and_Basic/180_Padangusthasana_Plate43.jpg,/content/drive/MyDrive/Personal/MarkYoga/Light On Yoga/web_images_from_renamed/main/01_Standing_and_Basic/180_Padangusthasana_Plate43.webp,/content/drive/MyDrive/Personal/MarkYoga/Light On Yoga/web_images_from_renamed/w800/01_Standing_and_Basic/180_Padangusthasana_Plate43.webp,OK plates=180
/content/drive/MyDrive/Personal/MarkYoga/Light On Yoga/archive/Asana Images (Renamed)/01_Standing_and_Basic/190_Padahasthasana_Plate45.jpg,/content/drive/MyDrive/Personal/MarkYoga/Light On Yoga/web_images_from_renamed/main/01_Standing_and_Basic/190_Padahasthasana_Plate45.webp,/content/drive/MyDrive/Personal/MarkYoga/Light On Yoga/web_images_from_renamed/w800/01_Standing_and_Basic/190_Padahasthasana_Plate45.webp,OK plates=190
/content/drive/MyDrive/Personal/MarkYoga/Light On Yoga/archive/Asana Images (Renamed)/01_Standing_and_Basic/200_Uttanasana_Plate47.jpg,/content/drive/MyDrive/Personal/MarkYoga/Light On Yoga/web_images_from_renamed/main/01_Standing_and_Basic/200_Uttanasana_Plate47.webp,/content/drive/MyDrive/Personal/MarkYoga/Light On Yoga/web_images_from_renamed/w800/01_Standing_and_Basic/200_Uttanasana_Plate47.webp,OK plates=200
/content/drive/MyDrive/Personal/MarkYoga/Light On Yoga/archive/Asana Images (Renamed)/01_Standing_and_Basic/210_Urhdva_Prasarita_Ekapadasana_Plate49.jpg,/content/drive/MyDrive/Personal/MarkYoga/Light On Yoga/web_images_from_renamed/main/01_Standing_and_Basic/210_Urhdva_Prasarita_Ekapadasana_Plate49.webp,/content/drive/MyDrive/Personal/MarkYoga/Light On Yoga/web_images_from_renamed/w800/01_Standing_and_Basic/210_Urhdva_Prasarita_Ekapadasana_Plate49.webp,OK plates=210
/content/drive/MyDrive/Personal/MarkYoga/Light On Yoga/archive/Asana Images (Renamed)/01_Standing_and_Basic/220_Ardha_Baddha_Padmottanasana_Plate50.jpg,/content/drive/MyDrive/Personal/MarkYoga/Light On Yoga/web_images_from_renamed/main/01_Standing_and_Basic/220_Ardha_Baddha_Padmottanasana_Plate50.webp,/content/drive/MyDrive/Personal/MarkYoga/Light On Yoga/web_images_from_renamed/w800/01_Standing_and_Basic/220_Ardha_Baddha_Padmottanasana_Plate50.webp,OK plates=220
/content/drive/MyDrive/Personal/MarkYoga/Light On Yoga/archive/Asana Images (Renamed)/01_Standing_and_Basic/230_Garudasana_Plate56.jpg,/content/drive/MyDrive/Personal/MarkYoga/Light On Yoga/web_images_from_renamed/main/01_Standing_and_Basic/230_Garudasana_Plate56.webp,/content/drive/MyDrive/Personal/MarkYoga/Light On Yoga/web_images_from_renamed/w800/01_Standing_and_Basic/230_Garudasana_Plate56.webp,OK plates=230
/content/drive/MyDrive/Personal/MarkYoga/Light On Yoga/archive/Asana Images (Renamed)/01_Standing_and_Basic/240_Vatayanasana_Plate57.jpg,/content/drive/MyDrive/Personal/MarkYoga/Light On Yoga/web_images_from_renamed/main/01_Standing_and_Basic/240_Vatayanasana_Plate57.webp,/content/drive/MyDrive/Personal/MarkYoga/Light On Yoga/web_images_from_renamed/w800/01_Standing_and_Basic/240_Vatayanasana_Plate57.webp,OK plates=240
/content/drive/MyDrive/Personal/MarkYoga/Light On Yoga/archive/Asana Images (Renamed)/01_Standing_and_Basic/250_Salabhasana_Plate60.jpg,/content/drive/MyDrive/Personal/MarkYoga/Light On Yoga/web_images_from_renamed/main/01_Standing_and_Basic/250_Salabhasana_Plate60.webp,/content/drive/MyDrive/Personal/MarkYoga/Light On Yoga/web_images_from_renamed/w800/01_Standing_and_Basic/250_Salabhasana_Plate60.webp,OK plates=250
/content/drive/MyDrive/Personal/MarkYoga/Light On Yoga/archive/Asana Images (Renamed)/01_Standing_and_Basic/250_Salabhasana_Plate61.jpg,/content/drive/MyDrive/Personal/MarkYoga/Light On Yoga/web_images_from_renamed/main/01_Standing_and_Basic/250_Salabhasana_Plate61.webp,/content/drive/MyDrive/Personal/MarkYoga/Light On Yoga/web_images_from_renamed/w800/01_Standing_and_Basic/250_Salabhasana_Plate61.webp,OK plates=250
/content/drive/MyDrive/Personal/MarkYoga/Light On Yoga/archive/Asana Images (Renamed)/01_Standing_and_Basic/270_Dhanurasana_Plate63.jpg,/content/drive/MyDrive/Personal/MarkYoga/Light On Yoga/web_images_from_renamed/main/01_Standing_and_Basic/270_Dhanurasana_Plate63.webp,/content/drive/MyDrive/Personal/MarkYoga/Light On Yoga/web_images_from_renamed/w800/01_Standing_and_Basic/270_Dhanurasana_Plate63.webp,OK plates=270
/content/drive/MyDrive/Personal/MarkYoga/Light On Yoga/archive/Asana Images (Renamed)/01_Standing_and_Basic/280_Parsva_Dhanurasana_Plate64.jpg,/content/drive/MyDrive/Personal/MarkYoga/Light On Yoga/web_images_from_renamed/main/01_Standing_and_Basic/280_Parsva_Dhanurasana_Plate64.webp,/content/drive/MyDrive/Personal/MarkYoga/Light On Yoga/web_images_from_renamed/w800/01_Standing_and_Basic/280_Parsva_Dhanurasana_Plate64.webp,OK plates=280
/content/drive/MyDrive/Personal/MarkYoga/Light On Yoga/archive/Asana Images (Renamed)/01_Standing_and_Basic/290_Chaturanga_Dandasana_Plate66.jpg,/content/drive/MyDrive/Personal/MarkYoga/Light On Yoga/web_images_from_renamed/main/01_Standing_and_Basic/290_Chaturanga_Dandasana_Plate66.webp,/content/drive/MyDrive/Personal/MarkYoga/Light On Yoga/web_images_from_renamed/w800/01_Standing_and_Basic/290_Chaturanga_Dandasana_Plate66.webp,OK plates=290
/content/drive/MyDrive/Personal/MarkYoga/Light On Yoga/archive/Asana Images (Renamed)/01_Standing_and_Basic/300_Nakrasana_Plate68.jpg,/content/drive/MyDrive/Personal/MarkYoga/Light On Yoga/web_images_from_renamed/main/01_Standing_and_Basic/300_Nakrasana_Plate68.webp,/content/drive/MyDrive/Personal/MarkYoga/Light On Yoga/web_images_from_renamed/w800/01_Standing_and_Basic/300_Nakrasana_Plate68.webp,OK plates=300
/content/drive/MyDrive/Personal/MarkYoga/Light On Yoga/archive/Asana Images (Renamed)/01_Standing_and_Basic/310_Bhujangasana_I_Plate72.jpg,/content/drive/MyDrive/Personal/MarkYoga/Light On Yoga/web_images_from_renamed/main/01_Standing_and_Basic/310_Bhujangasana_I_Plate72.webp,/content/drive/MyDrive/Personal/MarkYoga/Light On Yoga/web_images_from_renamed/w800/01_Standing_and_Basic/310_Bhujangasana_I_Plate72.webp,OK plates=310
/content/drive/MyDrive/Personal/MarkYoga/Light On Yoga/archive/Asana Images (Renamed)/01_Standing_and_Basic/320_Urdhva_Mukha_Svanasana_Plate74.jpg,/content/drive/MyDrive/Personal/MarkYoga/Light On Yoga/web_images_from_renamed/main/01_Standing_and_Basic/320_Urdhva_Mukha_Svanasana_Plate74.webp,/content/drive/MyDrive/Personal/MarkYoga/Light On Yoga/web_images_from_renamed/w800/01_Standing_and_Basic/320_Urdhva_Mukha_Svanasana_Plate74.webp,OK plates=320
/content/drive/MyDrive/Personal/MarkYoga/Light On Yoga/archive/Asana Images (Renamed)/01_Standing_and_Basic/330_Adho_Mukha_Svanasana_Plate75.jpg,/content/drive/MyDrive/Personal/MarkYoga/Light On Yoga/web_images_from_renamed/main/01_Standing_and_Basic/330_Adho_Mukha_Svanasana_Plate75.webp,/content/drive/MyDrive/Personal/MarkYoga/Light On Yoga/web_images_from_renamed/w800/01_Standing_and_Basic/330_Adho_Mukha_Svanasana_Plate75.webp,OK plates=330
/content/drive/MyDrive/Personal/MarkYoga/Light On Yoga/archive/Asana Images (Renamed)/02_Seated_and_Lotus_Variations/340_Paripurna_Navasana_Plate78.jpg,/content/drive/MyDrive/Personal/MarkYoga/Light On Yoga/web_images_from_renamed/main/02_Seated_and_Lotus_Variations/340_Paripurna_Navasana_Plate78.webp,/content/drive/MyDrive/Personal/MarkYoga/Light On Yoga/web_images_from_renamed/w800/02_Seated_and_Lotus_Variations/340_Paripurna_Navasana_Plate78.webp,OK plates=340
/content/drive/MyDrive/Personal/MarkYoga/Light On Yoga/archive/Asana Images (Renamed)/02_Seated_and_Lotus_Variations/350_Dandasana_Plate77.jpg,/content/drive/MyDrive/Personal/MarkYoga/Light On Yoga/web_images_from_renamed/main/02_Seated_and_Lotus_Variations/350_Dandasana_Plate77.webp,/content/drive/MyDrive/Personal/MarkYoga/Light On Yoga/web_images_from_renamed/w800/02_Seated_and_Lotus_Variations/350_Dandasana_Plate77.webp,OK plates=350
/content/drive/MyDrive/Personal/MarkYoga/Light On Yoga/archive/Asana Images (Renamed)/02_Seated_and_Lotus_Variations/360_Ardha_Navasana_Plate79.jpg,/content/drive/MyDrive/Personal/MarkYoga/Light On Yoga/web_images_from_renamed/main/02_Seated_and_Lotus_Variations/360_Ardha_Navasana_Plate79.webp,/content/drive/MyDrive/Personal/MarkYoga/Light On Yoga/web_images_from_renamed/w800/02_Seated_and_Lotus_Variations/360_Ardha_Navasana_Plate79.webp,OK plates=360
/content/drive/MyDrive/Personal/MarkYoga/Light On Yoga/archive/Asana Images (Renamed)/02_Seated_and_Lotus_Variations/370_Gomukhasana_Plate80.jpg,/content/drive/MyDrive/Personal/MarkYoga/Light On Yoga/web_images_from_renamed/main/02_Seated_and_Lotus_Variations/370_Gomukhasana_Plate80.webp,/content/drive/MyDrive/Personal/MarkYoga/Light On Yoga/web_images_from_renamed/w800/02_Seated_and_Lotus_Variations/370_Gomukhasana_Plate80.webp,OK plates=370
/content/drive/MyDrive/Personal/MarkYoga/Light On Yoga/archive/Asana Images (Renamed)/02_Seated_and_Lotus_Variations/380_Lolasana_Plate82.jpg,/content/drive/MyDrive/Personal/MarkYoga/Light On Yoga/web_images_from_renamed/main/02_Seated_and_Lotus_Variations/380_Lolasana_Plate82.webp,/content/drive/MyDrive/Personal/MarkYoga/Light On Yoga/web_images_from_renamed/w800/02_Seated_and_Lotus_Variations/380_Lolasana_Plate82.webp,OK plates=380
/content/drive/MyDrive/Personal/MarkYoga/Light On Yoga/archive/Asana Images (Renamed)/02_Seated_and_Lotus_Variations/390_Siddhasana_Plate84.jpg,/content/drive/MyDrive/Personal/MarkYoga/Light On Yoga/web_images_from_renamed/main/02_Seated_and_Lotus_Variations/390_Siddhasana_Plate84.webp,/content/drive/MyDrive/Personal/MarkYoga/Light On Yoga/web_images_from_renamed/w800/02_Seated_and_Lotus_Variations/390_Siddhasana_Plate84.webp,OK plates=390
/content/drive/MyDrive/Personal/MarkYoga/Light On Yoga/archive/Asana Images (Renamed)/02_Seated_and_Lotus_Variations/400_Virasana_Plate85.jpg,/content/drive/MyDrive/Personal/MarkYoga/Light On Yoga/web_images_from_renamed/main/02_Seated_and_Lotus_Variations/400_Virasana_Plate85.webp,/content/drive/MyDrive/Personal/MarkYoga/Light On Yoga/web_images_from_renamed/w800/02_Seated_and_Lotus_Variations/400_Virasana_Plate85.webp,OK plates=400
/content/drive/MyDrive/Personal/MarkYoga/Light On Yoga/archive/Asana Images (Renamed)/02_Seated_and_Lotus_Variations/410_Supta_Virasana_Plate93.jpg,/content/drive/MyDrive/Personal/MarkYoga/Light On Yoga/web_images_from_renamed/main/02_Seated_and_Lotus_Variations/410_Supta_Virasana_Plate93.webp,/content/drive/MyDrive/Personal/MarkYoga/Light On Yoga/web_images_from_renamed/w800/02_Seated_and_Lotus_Variations/410_Supta_Virasana_Plate93.webp,OK plates=410
/content/drive/MyDrive/Personal/MarkYoga/Light On Yoga/archive/Asana Images (Renamed)/02_Seated_and_Lotus_Variations/420_Paryankasana_Plate97.jpg,/content/drive/MyDrive/Personal/MarkYoga/Light On Yoga/web_images_from_renamed/main/02_Seated_and_Lotus_Variations/420_Paryankasana_Plate97.webp,/content/drive/MyDrive/Personal/MarkYoga/Light On Yoga/web_images_from_renamed/w800/02_Seated_and_Lotus_Variations/420_Paryankasana_Plate97.webp,OK plates=420
/content/drive/MyDrive/Personal/MarkYoga/Light On Yoga/archive/Asana Images (Renamed)/02_Seated_and_Lotus_Variations/430_Bhekasana-Mandukasana_Plate98.jpg,/content/drive/MyDrive/Personal/MarkYoga/Light On Yoga/web_images_from_renamed/main/02_Seated_and_Lotus_Variations/430_Bhekasana-Mandukasana_Plate98.webp,/content/drive/MyDrive/Personal/MarkYoga/Light On Yoga/web_images_from_renamed/w800/02_Seated_and_Lotus_Variations/430_Bhekasana-Mandukasana_Plate98.webp,OK plates=430
/content/drive/MyDrive/Personal/MarkYoga/Light On Yoga/archive/Asana Images (Renamed)/02_Seated_and_Lotus_Variations/440_Baddha_Konasana_Plate101.jpg,/content/drive/MyDrive/Personal/MarkYoga/Light On Yoga/web_images_from_renamed/main/02_Seated_and_Lotus_Variations/440_Baddha_Konasana_Plate101.webp,/content/drive/MyDrive/Personal/MarkYoga/Light On Yoga/web_images_from_renamed/w800/02_Seated_and_Lotus_Variations/440_Baddha_Konasana_Plate101.webp,OK plates=440
/content/drive/MyDrive/Personal/MarkYoga/Light On Yoga/archive/Asana Images (Renamed)/02_Seated_and_Lotus_Variations/450_Padmasana_Plate104.jpg,/content/drive/MyDrive/Personal/MarkYoga/Light On Yoga/web_images_from_renamed/main/02_Seated_and_Lotus_Variations/450_Padmasana_Plate104.webp,/content/drive/MyDrive/Personal/MarkYoga/Light On Yoga/web_images_from_renamed/w800/02_Seated_and_Lotus_Variations/450_Padmasana_Plate104.webp,OK plates=450
/content/drive/MyDrive/Personal/MarkYoga/Light On Yoga/archive/Asana Images (Renamed)/02_Seated_and_Lotus_Variations/460_Sanmukhi_Mudra_Plate106.jpg,/content/drive/MyDrive/Personal/MarkYoga/Light On Yoga/web_images_from_renamed/main/02_Seated_and_Lotus_Variations/460_Sanmukhi_Mudra_Plate106.webp,/content/drive/MyDrive/Personal/MarkYoga/Light On Yoga/web_images_from_renamed/w800/02_Seated_and_Lotus_Variations/460_Sanmukhi_Mudra_Plate106.webp,OK plates=460
/content/drive/MyDrive/Personal/MarkYoga/Light On Yoga/archive/Asana Images (Renamed)/02_Seated_and_Lotus_Variations/470_Parvatasana_Plate107.jpg,/content/drive/MyDrive/Personal/MarkYoga/Light On Yoga/web_images_from_renamed/main/02_Seated_and_Lotus_Variations/470_Parvatasana_Plate107.webp,/content/drive/MyDrive/Personal/MarkYoga/Light On Yoga/web_images_from_renamed/w800/02_Seated_and_Lotus_Variations/470_Parvatasana_Plate107.webp,OK plates=470
/content/drive/MyDrive/Personal/MarkYoga/Light On Yoga/archive/Asana Images (Renamed)/02_Seated_and_Lotus_Variations/480_Tolasana_Plate108.jpg,/content/drive/MyDrive/Personal/MarkYoga/Light On Yoga/web_images_from_renamed/main/02_Seated_and_Lotus_Variations/480_Tolasana_Plate108.webp,/content/drive/MyDrive/Personal/MarkYoga/Light On Yoga/web_images_from_renamed/w800/02_Seated_and_Lotus_Variations/480_Tolasana_Plate108.webp,OK plates=480
/content/drive/MyDrive/Personal/MarkYoga/Light On Yoga/archive/Asana Images (Renamed)/02_Seated_and_Lotus_Variations/490_Simhasana_I_Plate109.jpg,/content/drive/MyDrive/Personal/MarkYoga/Light On Yoga/web_images_from_renamed/main/02_Seated_and_Lotus_Variations/490_Simhasana_I_Plate109.webp,/content/drive/MyDrive/Personal/MarkYoga/Light On Yoga/web_images_from_renamed/w800/02_Seated_and_Lotus_Variations/490_Simhasana_I_Plate109.webp,OK plates=490
/content/drive/MyDrive/Personal/MarkYoga/Light On Yoga/archive/Asana Images (Renamed)/02_Seated_and_Lotus_Variations/500_Simhasana_II_Plate110.jpg,/content/drive/MyDrive/Personal/MarkYoga/Light On Yoga/web_images_from_renamed/main/02_Seated_and_Lotus_Variations/500_Simhasana_II_Plate110.webp,/content/drive/MyDrive/Personal/MarkYoga/Light On Yoga/web_images_from_renamed/w800/02_Seated_and_Lotus_Variations/500_Simhasana_II_Plate110.webp,OK plates=500
/content/drive/MyDrive/Personal/MarkYoga/Light On Yoga/archive/Asana Images (Renamed)/02_Seated_and_Lotus_Variations/510_Matsyasana_Plate112.jpg,/content/drive/MyDrive/Personal/MarkYoga/Light On Yoga/web_images_from_renamed/main/02_Seated_and_Lotus_Variations/510_Matsyasana_Plate112.webp,/content/drive/MyDrive/Personal/MarkYoga/Light On Yoga/web_images_from_renamed/w800/02_Seated_and_Lotus_Variations/510_Matsyasana_Plate112.webp,OK plates=510
/content/drive/MyDrive/Personal/MarkYoga/Light On Yoga/archive/Asana Images (Renamed)/02_Seated_and_Lotus_Variations/520_Kukkutasana_Plate115.jpg,/content/drive/MyDrive/Personal/MarkYoga/Light On Yoga/web_images_from_renamed/main/02_Seated_and_Lotus_Variations/520_Kukkutasana_Plate115.webp,/content/drive/MyDrive/Personal/MarkYoga/Light On Yoga/web_images_from_renamed/w800/02_Seated_and_Lotus_Variations/520_Kukkutasana_Plate115.webp,OK plates=520
/content/drive/MyDrive/Personal/MarkYoga/Light On Yoga/archive/Asana Images (Renamed)/02_Seated_and_Lotus_Variations/530_Garbha_Pindasana_Plate116.jpg,/content/drive/MyDrive/Personal/MarkYoga/Light On Yoga/web_images_from_renamed/main/02_Seated_and_Lotus_Variations/530_Garbha_Pindasana_Plate116.webp,/content/drive/MyDrive/Personal/MarkYoga/Light On Yoga/web_images_from_renamed/w800/02_Seated_and_Lotus_Variations/530_Garbha_Pindasana_Plate116.webp,OK plates=530
/content/drive/MyDrive/Personal/MarkYoga/Light On Yoga/archive/Asana Images (Renamed)/02_Seated_and_Lotus_Variations/540_Goraksasana_Plate117.jpg,/content/drive/MyDrive/Personal/MarkYoga/Light On Yoga/web_images_from_renamed/main/02_Seated_and_Lotus_Variations/540_Goraksasana_Plate117.webp,/content/drive/MyDrive/Personal/MarkYoga/Light On Yoga/web_images_from_renamed/w800/02_Seated_and_Lotus_Variations/540_Goraksasana_Plate117.webp,OK plates=540
/content/drive/MyDrive/Personal/MarkYoga/Light On Yoga/archive/Asana Images (Renamed)/02_Seated_and_Lotus_Variations/550_Baddha_Padmasana_Plate118.jpg,/content/drive/MyDrive/Personal/MarkYoga/Light On Yoga/web_images_from_renamed/main/02_Seated_and_Lotus_Variations/550_Baddha_Padmasana_Plate118.webp,/content/drive/MyDrive/Personal/MarkYoga/Light On Yoga/web_images_from_renamed/w800/02_Seated_and_Lotus_Variations/550_Baddha_Padmasana_Plate118.webp,OK plates=550
/content/drive/MyDrive/Personal/MarkYoga/Light On Yoga/archive/Asana Images (Renamed)/02_Seated_and_Lotus_Variations/560_Yoga_Mudrasana_Plate120.jpg,/content/drive/MyDrive/Personal/MarkYoga/Light On Yoga/web_images_from_renamed/main/02_Seated_and_Lotus_Variations/560_Yoga_Mudrasana_Plate120.webp,/content/drive/MyDrive/Personal/MarkYoga/Light On Yoga/web_images_from_renamed/w800/02_Seated_and_Lotus_Variations/560_Yoga_Mudrasana_Plate120.webp,OK plates=560
/content/drive/MyDrive/Personal/MarkYoga/Light On Yoga/archive/Asana Images (Renamed)/02_Seated_and_Lotus_Variations/570_Supta_Vajrasana_Plate123.jpg,/content/drive/MyDrive/Personal/MarkYoga/Light On Yoga/web_images_from_renamed/main/02_Seated_and_Lotus_Variations/570_Supta_Vajrasana_Plate123.webp,/content/drive/MyDrive/Personal/MarkYoga/Light On Yoga/web_images_from_renamed/w800/02_Seated_and_Lotus_Variations/570_Supta_Vajrasana_Plate123.webp,OK plates=570
/content/drive/MyDrive/Personal/MarkYoga/Light On Yoga/archive/Asana Images (Renamed)/03_Forward_Bends/580_Maha_Mudra_Plate125.jpg,/content/drive/MyDrive/Personal/MarkYoga/Light On Yoga/web_images_from_renamed/main/03_Forward_Bends/580_Maha_Mudra_Plate125.webp,/content/drive/MyDrive/Personal/MarkYoga/Light On Yoga/web_images_from_renamed/w800/03_Forward_Bends/580_Maha_Mudra_Plate125.webp,OK plates=580
/content/drive/MyDrive/Personal/MarkYoga/Light On Yoga/archive/Asana Images (Renamed)/03_Forward_Bends/590_Janu_Sirsasana_Plate126.jpg,/content/drive/MyDrive/Personal/MarkYoga/Light On Yoga/web_images_from_renamed/main/03_Forward_Bends/590_Janu_Sirsasana_Plate126.webp,/content/drive/MyDrive/Personal/MarkYoga/Light On Yoga/web_images_from_renamed/w800/03_Forward_Bends/590_Janu_Sirsasana_Plate126.webp,OK plates=590
/content/drive/MyDrive/Personal/MarkYoga/Light On Yoga/archive/Asana Images (Renamed)/03_Forward_Bends/600_Parivrtta_Janu_Sirsasana_Plate130.jpg,/content/drive/MyDrive/Personal/MarkYoga/Light On Yoga/web_images_from_renamed/main/03_Forward_Bends/600_Parivrtta_Janu_Sirsasana_Plate130.webp,/content/drive/MyDrive/Personal/MarkYoga/Light On Yoga/web_images_from_renamed/w800/03_Forward_Bends/600_Parivrtta_Janu_Sirsasana_Plate130.webp,OK plates=600
/content/drive/MyDrive/Personal/MarkYoga/Light On Yoga/archive/Asana Images (Renamed)/03_Forward_Bends/610_Ardha_Baddha_Padma_Paschimottanasana_Plate133.jpg,/content/drive/MyDrive/Personal/MarkYoga/Light On Yoga/web_images_from_renamed/main/03_Forward_Bends/610_Ardha_Baddha_Padma_Paschimottanasana_Plate133.webp,/content/drive/MyDrive/Personal/MarkYoga/Light On Yoga/web_images_from_renamed/w800/03_Forward_Bends/610_Ardha_Baddha_Padma_Paschimottanasana_Plate133.webp,OK plates=610
/content/drive/MyDrive/Personal/MarkYoga/Light On Yoga/archive/Asana Images (Renamed)/03_Forward_Bends/620_Trianga_Mukhaikapada_Paschimottanasana_Plate138.jpg,/content/drive/MyDrive/Personal/MarkYoga/Light On Yoga/web_images_from_renamed/main/03_Forward_Bends/620_Trianga_Mukhaikapada_Paschimottanasana_Plate138.webp,/content/drive/MyDrive/Personal/MarkYoga/Light On Yoga/web_images_from_renamed/w800/03_Forward_Bends/620_Trianga_Mukhaikapada_Paschimottanasana_Plate138.webp,OK plates=620
/content/drive/MyDrive/Personal/MarkYoga/Light On Yoga/archive/Asana Images (Renamed)/03_Forward_Bends/630_Krounchasana_Plate140.jpg,/content/drive/MyDrive/Personal/MarkYoga/Light On Yoga/web_images_from_renamed/main/03_Forward_Bends/630_Krounchasana_Plate140.webp,/content/drive/MyDrive/Personal/MarkYoga/Light On Yoga/web_images_from_renamed/w800/03_Forward_Bends/630_Krounchasana_Plate140.webp,OK plates=630
/content/drive/MyDrive/Personal/MarkYoga/Light On Yoga/archive/Asana Images (Renamed)/03_Forward_Bends/640_Marichyasana_I_Plate143.jpg,/content/drive/MyDrive/Personal/MarkYoga/Light On Yoga/web_images_from_renamed/main/03_Forward_Bends/640_Marichyasana_I_Plate143.webp,/content/drive/MyDrive/Personal/MarkYoga/Light On Yoga/web_images_from_renamed/w800/03_Forward_Bends/640_Marichyasana_I_Plate143.webp,OK plates=640
/content/drive/MyDrive/Personal/MarkYoga/Light On Yoga/archive/Asana Images (Renamed)/03_Forward_Bends/650_Marichyasana_II_Plate145.jpg,/content/drive/MyDrive/Personal/MarkYoga/Light On Yoga/web_images_from_renamed/main/03_Forward_Bends/650_Marichyasana_II_Plate145.webp,/content/drive/MyDrive/Personal/MarkYoga/Light On Yoga/web_images_from_renamed/w800/03_Forward_Bends/650_Marichyasana_II_Plate145.webp,OK plates=650
/content/drive/MyDrive/Personal/MarkYoga/Light On Yoga/archive/Asana Images (Renamed)/03_Forward_Bends/660_Upavistha_Konasana_Plate148.jpg,/content/drive/MyDrive/Personal/MarkYoga/Light On Yoga/web_images_from_renamed/main/03_Forward_Bends/660_Upavistha_Konasana_Plate148.webp,/content/drive/MyDrive/Personal/MarkYoga/Light On Yoga/web_images_from_renamed/w800/03_Forward_Bends/660_Upavistha_Konasana_Plate148.webp,OK plates=660
/content/drive/MyDrive/Personal/MarkYoga/Light On Yoga/archive/Asana Images (Renamed)/03_Forward_Bends/670_Brahmacharyasana-Paschimottanasana-Ugrasana_Plate153.jpg,/content/drive/MyDrive/Personal/MarkYoga/Light On Yoga/web_images_from_renamed/main/03_Forward_Bends/670_Brahmacharyasana-Paschimottanasana-Ugrasana_Plate153.webp,/content/drive/MyDrive/Personal/MarkYoga/Light On Yoga/web_images_from_renamed/w800/03_Forward_Bends/670_Brahmacharyasana-Paschimottanasana-Ugrasana_Plate153.webp,OK plates=670
/content/drive/MyDrive/Personal/MarkYoga/Light On Yoga/archive/Asana Images (Renamed)/03_Forward_Bends/680_Parivrtta_Paschimottanasana_Plate163.jpg,/content/drive/MyDrive/Personal/MarkYoga/Light On Yoga/web_images_from_renamed/main/03_Forward_Bends/680_Parivrtta_Paschimottanasana_Plate163.webp,/content/drive/MyDrive/Personal/MarkYoga/Light On Yoga/web_images_from_renamed/w800/03_Forward_Bends/680_Parivrtta_Paschimottanasana_Plate163.webp,OK plates=680
/content/drive/MyDrive/Personal/MarkYoga/Light On Yoga/archive/Asana Images (Renamed)/03_Forward_Bends/690_Urdhva_Mukha_Paschimottanasana_I_Plate168.jpg,/content/drive/MyDrive/Personal/MarkYoga/Light On Yoga/web_images_from_renamed/main/03_Forward_Bends/690_Urdhva_Mukha_Paschimottanasana_I_Plate168.webp,/content/drive/MyDrive/Personal/MarkYoga/Light On Yoga/web_images_from_renamed/w800/03_Forward_Bends/690_Urdhva_Mukha_Paschimottanasana_I_Plate168.webp,OK plates=690
/content/drive/MyDrive/Personal/MarkYoga/Light On Yoga/archive/Asana Images (Renamed)/03_Forward_Bends/700_Ubhaya_Padangusthasana_Plate167.jpg,/content/drive/MyDrive/Personal/MarkYoga/Light On Yoga/web_images_from_renamed/main/03_Forward_Bends/700_Ubhaya_Padangusthasana_Plate167.webp,/content/drive/MyDrive/Personal/MarkYoga/Light On Yoga/web_images_from_renamed/w800/03_Forward_Bends/700_Ubhaya_Padangusthasana_Plate167.webp,OK plates=700
/content/drive/MyDrive/Personal/MarkYoga/Light On Yoga/archive/Asana Images (Renamed)/03_Forward_Bends/710_Urdhva_Mukha_Paschimottanasana_II_Plate169.jpg,/content/drive/MyDrive/Personal/MarkYoga/Light On Yoga/web_images_from_renamed/main/03_Forward_Bends/710_Urdhva_Mukha_Paschimottanasana_II_Plate169.webp,/content/drive/MyDrive/Personal/MarkYoga/Light On Yoga/web_images_from_renamed/w800/03_Forward_Bends/710_Urdhva_Mukha_Paschimottanasana_II_Plate169.webp,OK plates=710
/content/drive/MyDrive/Personal/MarkYoga/Light On Yoga/archive/Asana Images (Renamed)/03_Forward_Bends/720_Purvottanasana_Plate171.jpg,/content/drive/MyDrive/Personal/MarkYoga/Light On Yoga/web_images_from_renamed/main/03_Forward_Bends/720_Purvottanasana_Plate171.webp,/content/drive/MyDrive/Personal/MarkYoga/Light On Yoga/web_images_from_renamed/w800/03_Forward_Bends/720_Purvottanasana_Plate171.webp,OK plates=720
/content/drive/MyDrive/Personal/MarkYoga/Light On Yoga/archive/Asana Images (Renamed)/03_Forward_Bends/730_Akarna_Dhanurasana_Plate172.jpg,/content/drive/MyDrive/Personal/MarkYoga/Light On Yoga/web_images_from_renamed/main/03_Forward_Bends/730_Akarna_Dhanurasana_Plate172.webp,/content/drive/MyDrive/Personal/MarkYoga/Light On Yoga/web_images_from_renamed/w800/03_Forward_Bends/730_Akarna_Dhanurasana_Plate172.webp,OK plates=730
/content/drive/MyDrive/Personal/MarkYoga/Light On Yoga/archive/Asana Images (Renamed)/04_Inversions_Sirsasana_Sarvangasana/1000_Urdhva_Padmasana_in_Sarvangasana_Plate261.jpg,/content/drive/MyDrive/Personal/MarkYoga/Light On Yoga/web_images_from_renamed/main/04_Inversions_Sirsasana_Sarvangasana/1000_Urdhva_Padmasana_in_Sarvangasana_Plate261.webp,/content/drive/MyDrive/Personal/MarkYoga/Light On Yoga/web_images_from_renamed/w800/04_Inversions_Sirsasana_Sarvangasana/1000_Urdhva_Padmasana_in_Sarvangasana_Plate261.webp,OK plates=100
/content/drive/MyDrive/Personal/MarkYoga/Light On Yoga/archive/Asana Images (Renamed)/04_Inversions_Sirsasana_Sarvangasana/1010_Parsva_Urdhva_Padmasana_in_Sarvangasana_Plate262.jpg,/content/drive/MyDrive/Personal/MarkYoga/Light On Yoga/web_images_from_renamed/main/04_Inversions_Sirsasana_Sarvangasana/1010_Parsva_Urdhva_Padmasana_in_Sarvangasana_Plate262.webp,/content/drive/MyDrive/Personal/MarkYoga/Light On Yoga/web_images_from_renamed/w800/04_Inversions_Sirsasana_Sarvangasana/1010_Parsva_Urdhva_Padmasana_in_Sarvangasana_Plate262.webp,OK plates=101
/content/drive/MyDrive/Personal/MarkYoga/Light On Yoga/archive/Asana Images (Renamed)/04_Inversions_Sirsasana_Sarvangasana/1010_Parsva_Urdhva_Padmasana_in_Sarvangasana_Plate266.jpg,/content/drive/MyDrive/Personal/MarkYoga/Light On Yoga/web_images_from_renamed/main/04_Inversions_Sirsasana_Sarvangasana/1010_Parsva_Urdhva_Padmasana_in_Sarvangasana_Plate266.webp,/content/drive/MyDrive/Personal/MarkYoga/Light On Yoga/web_images_from_renamed/w800/04_Inversions_Sirsasana_Sarvangasana/1010_Parsva_Urdhva_Padmasana_in_Sarvangasana_Plate266.webp,OK plates=101
/content/drive/MyDrive/Personal/MarkYoga/Light On Yoga/archive/Asana Images (Renamed)/04_Inversions_Sirsasana_Sarvangasana/1030_Pindasana_in_Sarvangasana_Plate268.jpg,/content/drive/MyDrive/Personal/MarkYoga/Light On Yoga/web_images_from_renamed/main/04_Inversions_Sirsasana_Sarvangasana/1030_Pindasana_in_Sarvangasana_Plate268.webp,/content/drive/MyDrive/Personal/MarkYoga/Light On Yoga/web_images_from_renamed/w800/04_Inversions_Sirsasana_Sarvangasana/1030_Pindasana_in_Sarvangasana_Plate268.webp,OK plates=103
/content/drive/MyDrive/Personal/MarkYoga/Light On Yoga/archive/Asana Images (Renamed)/04_Inversions_Sirsasana_Sarvangasana/1040_Parsva_Pindasana_in_Sarvangasana_Plate270.jpg,/content/drive/MyDrive/Personal/MarkYoga/Light On Yoga/web_images_from_renamed/main/04_Inversions_Sirsasana_Sarvangasana/1040_Parsva_Pindasana_in_Sarvangasana_Plate270.webp,/content/drive/MyDrive/Personal/MarkYoga/Light On Yoga/web_images_from_renamed/w800/04_Inversions_Sirsasana_Sarvangasana/1040_Parsva_Pindasana_in_Sarvangasana_Plate270.webp,OK plates=104
/content/drive/MyDrive/Personal/MarkYoga/Light On Yoga/archive/Asana Images (Renamed)/04_Inversions_Sirsasana_Sarvangasana/740_Salamba_Sirsasana_I_Plate176.jpg,/content/drive/MyDrive/Personal/MarkYoga/Light On Yoga/web_images_from_renamed/main/04_Inversions_Sirsasana_Sarvangasana/740_Salamba_Sirsasana_I_Plate176.webp,/content/drive/MyDrive/Personal/MarkYoga/Light On Yoga/web_images_from_renamed/w800/04_Inversions_Sirsasana_Sarvangasana/740_Salamba_Sirsasana_I_Plate176.webp,OK plates=740
/content/drive/MyDrive/Personal/MarkYoga/Light On Yoga/archive/Asana Images (Renamed)/04_Inversions_Sirsasana_Sarvangasana/740_Salamba_Sirsasana_I_Plate186.jpg,/content/drive/MyDrive/Personal/MarkYoga/Light On Yoga/web_images_from_renamed/main/04_Inversions_Sirsasana_Sarvangasana/740_Salamba_Sirsasana_I_Plate186.webp,/content/drive/MyDrive/Personal/MarkYoga/Light On Yoga/web_images_from_renamed/w800/04_Inversions_Sirsasana_Sarvangasana/740_Salamba_Sirsasana_I_Plate186.webp,OK plates=740
/content/drive/MyDrive/Personal/MarkYoga/Light On Yoga/archive/Asana Images (Renamed)/04_Inversions_Sirsasana_Sarvangasana/760_Salamba_Sirsasana_II_Plate192.jpg,/content/drive/MyDrive/Personal/MarkYoga/Light On Yoga/web_images_from_renamed/main/04_Inversions_Sirsasana_Sarvangasana/760_Salamba_Sirsasana_II_Plate192.webp,/content/drive/MyDrive/Personal/MarkYoga/Light On Yoga/web_images_from_renamed/w800/04_Inversions_Sirsasana_Sarvangasana/760_Salamba_Sirsasana_II_Plate192.webp,OK plates=760
/content/drive/MyDrive/Personal/MarkYoga/Light On Yoga/archive/Asana Images (Renamed)/04_Inversions_Sirsasana_Sarvangasana/770_Salamba_Sirsasana_III_Plate194.jpg,/content/drive/MyDrive/Personal/MarkYoga/Light On Yoga/web_images_from_renamed/main/04_Inversions_Sirsasana_Sarvangasana/770_Salamba_Sirsasana_III_Plate194.webp,/content/drive/MyDrive/Personal/MarkYoga/Light On Yoga/web_images_from_renamed/w800/04_Inversions_Sirsasana_Sarvangasana/770_Salamba_Sirsasana_III_Plate194.webp,OK plates=770
/content/drive/MyDrive/Personal/MarkYoga/Light On Yoga/archive/Asana Images (Renamed)/04_Inversions_Sirsasana_Sarvangasana/780_Baddha_Hasta_Sirsasana_Plate198.jpg,/content/drive/MyDrive/Personal/MarkYoga/Light On Yoga/web_images_from_renamed/main/04_Inversions_Sirsasana_Sarvangasana/780_Baddha_Hasta_Sirsasana_Plate198.webp,/content/drive/MyDrive/Personal/MarkYoga/Light On Yoga/web_images_from_renamed/w800/04_Inversions_Sirsasana_Sarvangasana/780_Baddha_Hasta_Sirsasana_Plate198.webp,OK plates=780
/content/drive/MyDrive/Personal/MarkYoga/Light On Yoga/archive/Asana Images (Renamed)/04_Inversions_Sirsasana_Sarvangasana/790_Mukta_Hasta_Sirsasana_Plate199.jpg,/content/drive/MyDrive/Personal/MarkYoga/Light On Yoga/web_images_from_renamed/main/04_Inversions_Sirsasana_Sarvangasana/790_Mukta_Hasta_Sirsasana_Plate199.webp,/content/drive/MyDrive/Personal/MarkYoga/Light On Yoga/web_images_from_renamed/w800/04_Inversions_Sirsasana_Sarvangasana/790_Mukta_Hasta_Sirsasana_Plate199.webp,OK plates=790
/content/drive/MyDrive/Personal/MarkYoga/Light On Yoga/archive/Asana Images (Renamed)/04_Inversions_Sirsasana_Sarvangasana/800_Parsva_Sirsasana_Plate202.jpg,/content/drive/MyDrive/Personal/MarkYoga/Light On Yoga/web_images_from_renamed/main/04_Inversions_Sirsasana_Sarvangasana/800_Parsva_Sirsasana_Plate202.webp,/content/drive/MyDrive/Personal/MarkYoga/Light On Yoga/web_images_from_renamed/w800/04_Inversions_Sirsasana_Sarvangasana/800_Parsva_Sirsasana_Plate202.webp,OK plates=800
/content/drive/MyDrive/Personal/MarkYoga/Light On Yoga/archive/Asana Images (Renamed)/04_Inversions_Sirsasana_Sarvangasana/810_Parivrttaikapada_Sirsasana_Plate204.jpg,/content/drive/MyDrive/Personal/MarkYoga/Light On Yoga/web_images_from_renamed/main/04_Inversions_Sirsasana_Sarvangasana/810_Parivrttaikapada_Sirsasana_Plate204.webp,/content/drive/MyDrive/Personal/MarkYoga/Light On Yoga/web_images_from_renamed/w800/04_Inversions_Sirsasana_Sarvangasana/810_Parivrttaikapada_Sirsasana_Plate204.webp,OK plates=810
/content/drive/MyDrive/Personal/MarkYoga/Light On Yoga/archive/Asana Images (Renamed)/04_Inversions_Sirsasana_Sarvangasana/820_Eka_Pada_Sirsasana_Plate208.jpg,/content/drive/MyDrive/Personal/MarkYoga/Light On Yoga/web_images_from_renamed/main/04_Inversions_Sirsasana_Sarvangasana/820_Eka_Pada_Sirsasana_Plate208.webp,/content/drive/MyDrive/Personal/MarkYoga/Light On Yoga/web_images_from_renamed/w800/04_Inversions_Sirsasana_Sarvangasana/820_Eka_Pada_Sirsasana_Plate208.webp,OK plates=820
/content/drive/MyDrive/Personal/MarkYoga/Light On Yoga/archive/Asana Images (Renamed)/04_Inversions_Sirsasana_Sarvangasana/830_Parsvaika_Pada_Sirsasana_Plate210.jpg,/content/drive/MyDrive/Personal/MarkYoga/Light On Yoga/web_images_from_renamed/main/04_Inversions_Sirsasana_Sarvangasana/830_Parsvaika_Pada_Sirsasana_Plate210.webp,/content/drive/MyDrive/Personal/MarkYoga/Light On Yoga/web_images_from_renamed/w800/04_Inversions_Sirsasana_Sarvangasana/830_Parsvaika_Pada_Sirsasana_Plate210.webp,OK plates=830
/content/drive/MyDrive/Personal/MarkYoga/Light On Yoga/archive/Asana Images (Renamed)/04_Inversions_Sirsasana_Sarvangasana/840_Urdhva_Padmasana_in_Sirsasana_Plate211.jpg,/content/drive/MyDrive/Personal/MarkYoga/Light On Yoga/web_images_from_renamed/main/04_Inversions_Sirsasana_Sarvangasana/840_Urdhva_Padmasana_in_Sirsasana_Plate211.webp,/content/drive/MyDrive/Personal/MarkYoga/Light On Yoga/web_images_from_renamed/w800/04_Inversions_Sirsasana_Sarvangasana/840_Urdhva_Padmasana_in_Sirsasana_Plate211.webp,OK plates=840
/content/drive/MyDrive/Personal/MarkYoga/Light On Yoga/archive/Asana Images (Renamed)/04_Inversions_Sirsasana_Sarvangasana/850_Parsva_Urdhva_Padmasana_in_Sirsasana_Plate213.jpg,/content/drive/MyDrive/Personal/MarkYoga/Light On Yoga/web_images_from_renamed/main/04_Inversions_Sirsasana_Sarvangasana/850_Parsva_Urdhva_Padmasana_in_Sirsasana_Plate213.webp,/content/drive/MyDrive/Personal/MarkYoga/Light On Yoga/web_images_from_renamed/w800/04_Inversions_Sirsasana_Sarvangasana/850_Parsva_Urdhva_Padmasana_in_Sirsasana_Plate213.webp,OK plates=850
/content/drive/MyDrive/Personal/MarkYoga/Light On Yoga/archive/Asana Images (Renamed)/04_Inversions_Sirsasana_Sarvangasana/860_Pindasana_in_Sirsasana_Plate217.jpg,/content/drive/MyDrive/Personal/MarkYoga/Light On Yoga/web_images_from_renamed/main/04_Inversions_Sirsasana_Sarvangasana/860_Pindasana_in_Sirsasana_Plate217.webp,/content/drive/MyDrive/Personal/MarkYoga/Light On Yoga/web_images_from_renamed/w800/04_Inversions_Sirsasana_Sarvangasana/860_Pindasana_in_Sirsasana_Plate217.webp,OK plates=860
/content/drive/MyDrive/Personal/MarkYoga/Light On Yoga/archive/Asana Images (Renamed)/04_Inversions_Sirsasana_Sarvangasana/870_Salamba_Sarvangasana_I_Plate219.jpg,/content/drive/MyDrive/Personal/MarkYoga/Light On Yoga/web_images_from_renamed/main/04_Inversions_Sirsasana_Sarvangasana/870_Salamba_Sarvangasana_I_Plate219.webp,/content/drive/MyDrive/Personal/MarkYoga/Light On Yoga/web_images_from_renamed/w800/04_Inversions_Sirsasana_Sarvangasana/870_Salamba_Sarvangasana_I_Plate219.webp,OK plates=870
/content/drive/MyDrive/Personal/MarkYoga/Light On Yoga/archive/Asana Images (Renamed)/04_Inversions_Sirsasana_Sarvangasana/880_Salamba_Sarvangasana_II_Plate235.jpg,/content/drive/MyDrive/Personal/MarkYoga/Light On Yoga/web_images_from_renamed/main/04_Inversions_Sirsasana_Sarvangasana/880_Salamba_Sarvangasana_II_Plate235.webp,/content/drive/MyDrive/Personal/MarkYoga/Light On Yoga/web_images_from_renamed/w800/04_Inversions_Sirsasana_Sarvangasana/880_Salamba_Sarvangasana_II_Plate235.webp,OK plates=880
/content/drive/MyDrive/Personal/MarkYoga/Light On Yoga/archive/Asana Images (Renamed)/04_Inversions_Sirsasana_Sarvangasana/890_Niralamba_Sarvangasana_I_Plate236.jpg,/content/drive/MyDrive/Personal/MarkYoga/Light On Yoga/web_images_from_renamed/main/04_Inversions_Sirsasana_Sarvangasana/890_Niralamba_Sarvangasana_I_Plate236.webp,/content/drive/MyDrive/Personal/MarkYoga/Light On Yoga/web_images_from_renamed/w800/04_Inversions_Sirsasana_Sarvangasana/890_Niralamba_Sarvangasana_I_Plate236.webp,OK plates=890
/content/drive/MyDrive/Personal/MarkYoga/Light On Yoga/archive/Asana Images (Renamed)/04_Inversions_Sirsasana_Sarvangasana/900_Niralamba_Sarvangasana_II_Plate237.jpg,/content/drive/MyDrive/Personal/MarkYoga/Light On Yoga/web_images_from_renamed/main/04_Inversions_Sirsasana_Sarvangasana/900_Niralamba_Sarvangasana_II_Plate237.webp,/content/drive/MyDrive/Personal/MarkYoga/Light On Yoga/web_images_from_renamed/w800/04_Inversions_Sirsasana_Sarvangasana/900_Niralamba_Sarvangasana_II_Plate237.webp,OK plates=900
/content/drive/MyDrive/Personal/MarkYoga/Light On Yoga/archive/Asana Images (Renamed)/04_Inversions_Sirsasana_Sarvangasana/910_Halasana_Plate238.jpg,/content/drive/MyDrive/Personal/MarkYoga/Light On Yoga/web_images_from_renamed/main/04_Inversions_Sirsasana_Sarvangasana/910_Halasana_Plate238.webp,/content/drive/MyDrive/Personal/MarkYoga/Light On Yoga/web_images_from_renamed/w800/04_Inversions_Sirsasana_Sarvangasana/910_Halasana_Plate238.webp,OK plates=910
/content/drive/MyDrive/Personal/MarkYoga/Light On Yoga/archive/Asana Images (Renamed)/04_Inversions_Sirsasana_Sarvangasana/920_Karnapidasana_Plate245.jpg,/content/drive/MyDrive/Personal/MarkYoga/Light On Yoga/web_images_from_renamed/main/04_Inversions_Sirsasana_Sarvangasana/920_Karnapidasana_Plate245.webp,/content/drive/MyDrive/Personal/MarkYoga/Light On Yoga/web_images_from_renamed/w800/04_Inversions_Sirsasana_Sarvangasana/920_Karnapidasana_Plate245.webp,OK plates=920
/content/drive/MyDrive/Personal/MarkYoga/Light On Yoga/archive/Asana Images (Renamed)/04_Inversions_Sirsasana_Sarvangasana/930_Supta_Konasana_Plate247.jpg,/content/drive/MyDrive/Personal/MarkYoga/Light On Yoga/web_images_from_renamed/main/04_Inversions_Sirsasana_Sarvangasana/930_Supta_Konasana_Plate247.webp,/content/drive/MyDrive/Personal/MarkYoga/Light On Yoga/web_images_from_renamed/w800/04_Inversions_Sirsasana_Sarvangasana/930_Supta_Konasana_Plate247.webp,OK plates=930
/content/drive/MyDrive/Personal/MarkYoga/Light On Yoga/archive/Asana Images (Renamed)/04_Inversions_Sirsasana_Sarvangasana/940_Parsva_Halasana_Plate249.jpg,/content/drive/MyDrive/Personal/MarkYoga/Light On Yoga/web_images_from_renamed/main/04_Inversions_Sirsasana_Sarvangasana/940_Parsva_Halasana_Plate249.webp,/content/drive/MyDrive/Personal/MarkYoga/Light On Yoga/web_images_from_renamed/w800/04_Inversions_Sirsasana_Sarvangasana/940_Parsva_Halasana_Plate249.webp,OK plates=940
/content/drive/MyDrive/Personal/MarkYoga/Light On Yoga/archive/Asana Images (Renamed)/04_Inversions_Sirsasana_Sarvangasana/950_Eka_Pada_Sarvangasana_Plate250.jpg,/content/drive/MyDrive/Personal/MarkYoga/Light On Yoga/web_images_from_renamed/main/04_Inversions_Sirsasana_Sarvangasana/950_Eka_Pada_Sarvangasana_Plate250.webp,/content/drive/MyDrive/Personal/MarkYoga/Light On Yoga/web_images_from_renamed/w800/04_Inversions_Sirsasana_Sarvangasana/950_Eka_Pada_Sarvangasana_Plate250.webp,OK plates=950
/content/drive/MyDrive/Personal/MarkYoga/Light On Yoga/archive/Asana Images (Renamed)/04_Inversions_Sirsasana_Sarvangasana/960_Parsvaika_Pada_Sarvangasana_Plate251.jpg,/content/drive/MyDrive/Personal/MarkYoga/Light On Yoga/web_images_from_renamed/main/04_Inversions_Sirsasana_Sarvangasana/960_Parsvaika_Pada_Sarvangasana_Plate251.webp,/content/drive/MyDrive/Personal/MarkYoga/Light On Yoga/web_images_from_renamed/w800/04_Inversions_Sirsasana_Sarvangasana/960_Parsvaika_Pada_Sarvangasana_Plate251.webp,OK plates=960
/content/drive/MyDrive/Personal/MarkYoga/Light On Yoga/archive/Asana Images (Renamed)/04_Inversions_Sirsasana_Sarvangasana/970_Parsva_Sarvangasana_Plate252.jpg,/content/drive/MyDrive/Personal/MarkYoga/Light On Yoga/web_images_from_renamed/main/04_Inversions_Sirsasana_Sarvangasana/970_Parsva_Sarvangasana_Plate252.webp,/content/drive/MyDrive/Personal/MarkYoga/Light On Yoga/web_images_from_renamed/w800/04_Inversions_Sirsasana_Sarvangasana/970_Parsva_Sarvangasana_Plate252.webp,OK plates=970
/content/drive/MyDrive/Personal/MarkYoga/Light On Yoga/archive/Asana Images (Renamed)/04_Inversions_Sirsasana_Sarvangasana/980_Setu_Bandha_Sarvangasana-Uttana_Mayurasana_Plate256.jpg,/content/drive/MyDrive/Personal/MarkYoga/Light On Yoga/web_images_from_renamed/main/04_Inversions_Sirsasana_Sarvangasana/980_Setu_Bandha_Sarvangasana-Uttana_Mayurasana_Plate256.webp,/content/drive/MyDrive/Personal/MarkYoga/Light On Yoga/web_images_from_renamed/w800/04_Inversions_Sirsasana_Sarvangasana/980_Setu_Bandha_Sarvangasana-Uttana_Mayurasana_Plate256.webp,OK plates=980
/content/drive/MyDrive/Personal/MarkYoga/Light On Yoga/archive/Asana Images (Renamed)/04_Inversions_Sirsasana_Sarvangasana/990_Eka_Pada_Setu_Bandha_Sarvangasana-Eka_Pada_Uttana_Mayurasana_Plate260.jpg,/content/drive/MyDrive/Personal/MarkYoga/Light On Yoga/web_images_from_renamed/main/04_Inversions_Sirsasana_Sarvangasana/990_Eka_Pada_Setu_Bandha_Sarvangasana-Eka_Pada_Uttana_Mayurasana_Plate260.webp,/content/drive/MyDrive/Personal/MarkYoga/Light On Yoga/web_images_from_renamed/w800/04_Inversions_Sirsasana_Sarvangasana/990_Eka_Pada_Setu_Bandha_Sarvangasana-Eka_Pada_Uttana_Mayurasana_Plate260.webp,OK plates=990
/content/drive/MyDrive/Personal/MarkYoga/Light On Yoga/archive/Asana Images (Renamed)/05_Abdominal_and_Supine/1050_Jathara_Parivartanasana_Plate272.jpg,/content/drive/MyDrive/Personal/MarkYoga/Light On Yoga/web_images_from_renamed/main/05_Abdominal_and_Supine/1050_Jathara_Parivartanasana_Plate272.webp,/content/drive/MyDrive/Personal/MarkYoga/Light On Yoga/web_images_from_renamed/w800/05_Abdominal_and_Supine/1050_Jathara_Parivartanasana_Plate272.webp,OK plates=105
/content/drive/MyDrive/Personal/MarkYoga/Light On Yoga/archive/Asana Images (Renamed)/05_Abdominal_and_Supine/1060_Urdhva_Prasarita_Padasana_Plate276.jpg,/content/drive/MyDrive/Personal/MarkYoga/Light On Yoga/web_images_from_renamed/main/05_Abdominal_and_Supine/1060_Urdhva_Prasarita_Padasana_Plate276.webp,/content/drive/MyDrive/Personal/MarkYoga/Light On Yoga/web_images_from_renamed/w800/05_Abdominal_and_Supine/1060_Urdhva_Prasarita_Padasana_Plate276.webp,OK plates=106
/content/drive/MyDrive/Personal/MarkYoga/Light On Yoga/archive/Asana Images (Renamed)/05_Abdominal_and_Supine/1070_Chakrasana_Plate280.jpg,/content/drive/MyDrive/Personal/MarkYoga/Light On Yoga/web_images_from_renamed/main/05_Abdominal_and_Supine/1070_Chakrasana_Plate280.webp,/content/drive/MyDrive/Personal/MarkYoga/Light On Yoga/web_images_from_renamed/w800/05_Abdominal_and_Supine/1070_Chakrasana_Plate280.webp,OK plates=107
/content/drive/MyDrive/Personal/MarkYoga/Light On Yoga/archive/Asana Images (Renamed)/05_Abdominal_and_Supine/1080_Supta_Padangusthasana_Plate284.jpg,/content/drive/MyDrive/Personal/MarkYoga/Light On Yoga/web_images_from_renamed/main/05_Abdominal_and_Supine/1080_Supta_Padangusthasana_Plate284.webp,/content/drive/MyDrive/Personal/MarkYoga/Light On Yoga/web_images_from_renamed/w800/05_Abdominal_and_Supine/1080_Supta_Padangusthasana_Plate284.webp,OK plates=108
/content/drive/MyDrive/Personal/MarkYoga/Light On Yoga/archive/Asana Images (Renamed)/05_Abdominal_and_Supine/1090_Anantasana_Plate288.jpg,/content/drive/MyDrive/Personal/MarkYoga/Light On Yoga/web_images_from_renamed/main/05_Abdominal_and_Supine/1090_Anantasana_Plate288.webp,/content/drive/MyDrive/Personal/MarkYoga/Light On Yoga/web_images_from_renamed/w800/05_Abdominal_and_Supine/1090_Anantasana_Plate288.webp,OK plates=109
/content/drive/MyDrive/Personal/MarkYoga/Light On Yoga/archive/Asana Images (Renamed)/05_Abdominal_and_Supine/1100_Uttana_Padasana_Plate291.jpg,/content/drive/MyDrive/Personal/MarkYoga/Light On Yoga/web_images_from_renamed/main/05_Abdominal_and_Supine/1100_Uttana_Padasana_Plate291.webp,/content/drive/MyDrive/Personal/MarkYoga/Light On Yoga/web_images_from_renamed/w800/05_Abdominal_and_Supine/1100_Uttana_Padasana_Plate291.webp,OK plates=110
/content/drive/MyDrive/Personal/MarkYoga/Light On Yoga/archive/Asana Images (Renamed)/05_Abdominal_and_Supine/1110_Setu_Bandhasana_Plate293.jpg,/content/drive/MyDrive/Personal/MarkYoga/Light On Yoga/web_images_from_renamed/main/05_Abdominal_and_Supine/1110_Setu_Bandhasana_Plate293.webp,/content/drive/MyDrive/Personal/MarkYoga/Light On Yoga/web_images_from_renamed/w800/05_Abdominal_and_Supine/1110_Setu_Bandhasana_Plate293.webp,OK plates=111
/content/drive/MyDrive/Personal/MarkYoga/Light On Yoga/archive/Asana Images (Renamed)/06_Twists/1120_Bharadvajasana_I_Plate297.jpg,/content/drive/MyDrive/Personal/MarkYoga/Light On Yoga/web_images_from_renamed/main/06_Twists/1120_Bharadvajasana_I_Plate297.webp,/content/drive/MyDrive/Personal/MarkYoga/Light On Yoga/web_images_from_renamed/w800/06_Twists/1120_Bharadvajasana_I_Plate297.webp,OK plates=112
/content/drive/MyDrive/Personal/MarkYoga/Light On Yoga/archive/Asana Images (Renamed)/06_Twists/1130_Bharadvajasana_II_Plate299.jpg,/content/drive/MyDrive/Personal/MarkYoga/Light On Yoga/web_images_from_renamed/main/06_Twists/1130_Bharadvajasana_II_Plate299.webp,/content/drive/MyDrive/Personal/MarkYoga/Light On Yoga/web_images_from_renamed/w800/06_Twists/1130_Bharadvajasana_II_Plate299.webp,OK plates=113
/content/drive/MyDrive/Personal/MarkYoga/Light On Yoga/archive/Asana Images (Renamed)/06_Twists/1140_Marichyasana_III_Plate301.jpg,/content/drive/MyDrive/Personal/MarkYoga/Light On Yoga/web_images_from_renamed/main/06_Twists/1140_Marichyasana_III_Plate301.webp,/content/drive/MyDrive/Personal/MarkYoga/Light On Yoga/web_images_from_renamed/w800/06_Twists/1140_Marichyasana_III_Plate301.webp,OK plates=114
/content/drive/MyDrive/Personal/MarkYoga/Light On Yoga/archive/Asana Images (Renamed)/06_Twists/1150_Marichyasana_IV_Plate305.jpg,/content/drive/MyDrive/Personal/MarkYoga/Light On Yoga/web_images_from_renamed/main/06_Twists/1150_Marichyasana_IV_Plate305.webp,/content/drive/MyDrive/Personal/MarkYoga/Light On Yoga/web_images_from_renamed/w800/06_Twists/1150_Marichyasana_IV_Plate305.webp,OK plates=115
/content/drive/MyDrive/Personal/MarkYoga/Light On Yoga/archive/Asana Images (Renamed)/06_Twists/1160_Ardha_Matsyendrasana_I_Plate307.jpg,/content/drive/MyDrive/Personal/MarkYoga/Light On Yoga/web_images_from_renamed/main/06_Twists/1160_Ardha_Matsyendrasana_I_Plate307.webp,/content/drive/MyDrive/Personal/MarkYoga/Light On Yoga/web_images_from_renamed/w800/06_Twists/1160_Ardha_Matsyendrasana_I_Plate307.webp,OK plates=116
/content/drive/MyDrive/Personal/MarkYoga/Light On Yoga/archive/Asana Images (Renamed)/06_Twists/1170_Malasana_I_Plate317.jpg,/content/drive/MyDrive/Personal/MarkYoga/Light On Yoga/web_images_from_renamed/main/06_Twists/1170_Malasana_I_Plate317.webp,/content/drive/MyDrive/Personal/MarkYoga/Light On Yoga/web_images_from_renamed/w800/06_Twists/1170_Malasana_I_Plate317.webp,OK plates=117
/content/drive/MyDrive/Personal/MarkYoga/Light On Yoga/archive/Asana Images (Renamed)/06_Twists/1180_Malasana_II_Plate322.jpg,/content/drive/MyDrive/Personal/MarkYoga/Light On Yoga/web_images_from_renamed/main/06_Twists/1180_Malasana_II_Plate322.webp,/content/drive/MyDrive/Personal/MarkYoga/Light On Yoga/web_images_from_renamed/w800/06_Twists/1180_Malasana_II_Plate322.webp,OK plates=118
/content/drive/MyDrive/Personal/MarkYoga/Light On Yoga/archive/Asana Images (Renamed)/06_Twists/1190_Pasasana_Plate323.jpg,/content/drive/MyDrive/Personal/MarkYoga/Light On Yoga/web_images_from_renamed/main/06_Twists/1190_Pasasana_Plate323.webp,/content/drive/MyDrive/Personal/MarkYoga/Light On Yoga/web_images_from_renamed/w800/06_Twists/1190_Pasasana_Plate323.webp,OK plates=119
/content/drive/MyDrive/Personal/MarkYoga/Light On Yoga/archive/Asana Images (Renamed)/06_Twists/1200_Ardha_Matsyendrasana_II_Plate330.jpg,/content/drive/MyDrive/Personal/MarkYoga/Light On Yoga/web_images_from_renamed/main/06_Twists/1200_Ardha_Matsyendrasana_II_Plate330.webp,/content/drive/MyDrive/Personal/MarkYoga/Light On Yoga/web_images_from_renamed/w800/06_Twists/1200_Ardha_Matsyendrasana_II_Plate330.webp,OK plates=120
/content/drive/MyDrive/Personal/MarkYoga/Light On Yoga/archive/Asana Images (Renamed)/06_Twists/1210_Ardha_Matsyendrasana_III_Plate332.jpg,/content/drive/MyDrive/Personal/MarkYoga/Light On Yoga/web_images_from_renamed/main/06_Twists/1210_Ardha_Matsyendrasana_III_Plate332.webp,/content/drive/MyDrive/Personal/MarkYoga/Light On Yoga/web_images_from_renamed/w800/06_Twists/1210_Ardha_Matsyendrasana_III_Plate332.webp,OK plates=121
/content/drive/MyDrive/Personal/MarkYoga/Light On Yoga/archive/Asana Images (Renamed)/06_Twists/1220_Paripurna_Matsyendrasana_Plate334.jpg,/content/drive/MyDrive/Personal/MarkYoga/Light On Yoga/web_images_from_renamed/main/06_Twists/1220_Paripurna_Matsyendrasana_Plate334.webp,/content/drive/MyDrive/Personal/MarkYoga/Light On Yoga/web_images_from_renamed/w800/06_Twists/1220_Paripurna_Matsyendrasana_Plate334.webp,OK plates=122
/content/drive/MyDrive/Personal/MarkYoga/Light On Yoga/archive/Asana Images (Renamed)/07_Arm_Balances/1230_Astavakrasana_Plate340.jpg,/content/drive/MyDrive/Personal/MarkYoga/Light On Yoga/web_images_from_renamed/main/07_Arm_Balances/1230_Astavakrasana_Plate340.webp,/content/drive/MyDrive/Personal/MarkYoga/Light On Yoga/web_images_from_renamed/w800/07_Arm_Balances/1230_Astavakrasana_Plate340.webp,OK plates=123
/content/drive/MyDrive/Personal/MarkYoga/Light On Yoga/archive/Asana Images (Renamed)/07_Arm_Balances/1240_Eka_Hasta_Bhujasana_Plate344.jpg,/content/drive/MyDrive/Personal/MarkYoga/Light On Yoga/web_images_from_renamed/main/07_Arm_Balances/1240_Eka_Hasta_Bhujasana_Plate344.webp,/content/drive/MyDrive/Personal/MarkYoga/Light On Yoga/web_images_from_renamed/w800/07_Arm_Balances/1240_Eka_Hasta_Bhujasana_Plate344.webp,OK plates=124
/content/drive/MyDrive/Personal/MarkYoga/Light On Yoga/archive/Asana Images (Renamed)/07_Arm_Balances/1250_Dwi_Hasta_Bhujasana_Plate345.jpg,/content/drive/MyDrive/Personal/MarkYoga/Light On Yoga/web_images_from_renamed/main/07_Arm_Balances/1250_Dwi_Hasta_Bhujasana_Plate345.webp,/content/drive/MyDrive/Personal/MarkYoga/Light On Yoga/web_images_from_renamed/w800/07_Arm_Balances/1250_Dwi_Hasta_Bhujasana_Plate345.webp,OK plates=125
/content/drive/MyDrive/Personal/MarkYoga/Light On Yoga/archive/Asana Images (Renamed)/07_Arm_Balances/1260_Bhujapidasana_Plate346.jpg,/content/drive/MyDrive/Personal/MarkYoga/Light On Yoga/web_images_from_renamed/main/07_Arm_Balances/1260_Bhujapidasana_Plate346.webp,/content/drive/MyDrive/Personal/MarkYoga/Light On Yoga/web_images_from_renamed/w800/07_Arm_Balances/1260_Bhujapidasana_Plate346.webp,OK plates=126
/content/drive/MyDrive/Personal/MarkYoga/Light On Yoga/archive/Asana Images (Renamed)/07_Arm_Balances/1270_Mayurasana_Plate351.jpg,/content/drive/MyDrive/Personal/MarkYoga/Light On Yoga/web_images_from_renamed/main/07_Arm_Balances/1270_Mayurasana_Plate351.webp,/content/drive/MyDrive/Personal/MarkYoga/Light On Yoga/web_images_from_renamed/w800/07_Arm_Balances/1270_Mayurasana_Plate351.webp,OK plates=127
/content/drive/MyDrive/Personal/MarkYoga/Light On Yoga/archive/Asana Images (Renamed)/07_Arm_Balances/1280_Padma_Mayurasana_Plate355.jpg,/content/drive/MyDrive/Personal/MarkYoga/Light On Yoga/web_images_from_renamed/main/07_Arm_Balances/1280_Padma_Mayurasana_Plate355.webp,/content/drive/MyDrive/Personal/MarkYoga/Light On Yoga/web_images_from_renamed/w800/07_Arm_Balances/1280_Padma_Mayurasana_Plate355.webp,OK plates=128
/content/drive/MyDrive/Personal/MarkYoga/Light On Yoga/archive/Asana Images (Renamed)/07_Arm_Balances/1290_Hamsasana_Plate356.jpg,/content/drive/MyDrive/Personal/MarkYoga/Light On Yoga/web_images_from_renamed/main/07_Arm_Balances/1290_Hamsasana_Plate356.webp,/content/drive/MyDrive/Personal/MarkYoga/Light On Yoga/web_images_from_renamed/w800/07_Arm_Balances/1290_Hamsasana_Plate356.webp,OK plates=129
/content/drive/MyDrive/Personal/MarkYoga/Light On Yoga/archive/Asana Images (Renamed)/07_Arm_Balances/1300_Pincha_Mayurasana_Plate357.jpg,/content/drive/MyDrive/Personal/MarkYoga/Light On Yoga/web_images_from_renamed/main/07_Arm_Balances/1300_Pincha_Mayurasana_Plate357.webp,/content/drive/MyDrive/Personal/MarkYoga/Light On Yoga/web_images_from_renamed/w800/07_Arm_Balances/1300_Pincha_Mayurasana_Plate357.webp,OK plates=130
/content/drive/MyDrive/Personal/MarkYoga/Light On Yoga/archive/Asana Images (Renamed)/07_Arm_Balances/1310_Sayanasana_Plate358.jpg,/content/drive/MyDrive/Personal/MarkYoga/Light On Yoga/web_images_from_renamed/main/07_Arm_Balances/1310_Sayanasana_Plate358.webp,/content/drive/MyDrive/Personal/MarkYoga/Light On Yoga/web_images_from_renamed/w800/07_Arm_Balances/1310_Sayanasana_Plate358.webp,OK plates=131
/content/drive/MyDrive/Personal/MarkYoga/Light On Yoga/archive/Asana Images (Renamed)/07_Arm_Balances/1320_Adho_Mukha_Vrksasana_Plate359.jpg,/content/drive/MyDrive/Personal/MarkYoga/Light On Yoga/web_images_from_renamed/main/07_Arm_Balances/1320_Adho_Mukha_Vrksasana_Plate359.webp,/content/drive/MyDrive/Personal/MarkYoga/Light On Yoga/web_images_from_renamed/w800/07_Arm_Balances/1320_Adho_Mukha_Vrksasana_Plate359.webp,OK plates=132
/content/drive/MyDrive/Personal/MarkYoga/Light On Yoga/archive/Asana Images (Renamed)/07_Arm_Balances/1330_Kurmasana_Plate360.jpg,/content/drive/MyDrive/Personal/MarkYoga/Light On Yoga/web_images_from_renamed/main/07_Arm_Balances/1330_Kurmasana_Plate360.webp,/content/drive/MyDrive/Personal/MarkYoga/Light On Yoga/web_images_from_renamed/w800/07_Arm_Balances/1330_Kurmasana_Plate360.webp,OK plates=133
/content/drive/MyDrive/Personal/MarkYoga/Light On Yoga/archive/Asana Images (Renamed)/07_Arm_Balances/1340_Supta_Kurmasana_Plate368.jpg,/content/drive/MyDrive/Personal/MarkYoga/Light On Yoga/web_images_from_renamed/main/07_Arm_Balances/1340_Supta_Kurmasana_Plate368.webp,/content/drive/MyDrive/Personal/MarkYoga/Light On Yoga/web_images_from_renamed/w800/07_Arm_Balances/1340_Supta_Kurmasana_Plate368.webp,OK plates=134
/content/drive/MyDrive/Personal/MarkYoga/Light On Yoga/archive/Asana Images (Renamed)/07_Arm_Balances/1350_Eka_Pada_Sirsasana_Plate369.jpg,/content/drive/MyDrive/Personal/MarkYoga/Light On Yoga/web_images_from_renamed/main/07_Arm_Balances/1350_Eka_Pada_Sirsasana_Plate369.webp,/content/drive/MyDrive/Personal/MarkYoga/Light On Yoga/web_images_from_renamed/w800/07_Arm_Balances/1350_Eka_Pada_Sirsasana_Plate369.webp,OK plates=135
/content/drive/MyDrive/Personal/MarkYoga/Light On Yoga/archive/Asana Images (Renamed)/07_Arm_Balances/1360_Skandasana_Plate372.jpg,/content/drive/MyDrive/Personal/MarkYoga/Light On Yoga/web_images_from_renamed/main/07_Arm_Balances/1360_Skandasana_Plate372.webp,/content/drive/MyDrive/Personal/MarkYoga/Light On Yoga/web_images_from_renamed/w800/07_Arm_Balances/1360_Skandasana_Plate372.webp,OK plates=136
/content/drive/MyDrive/Personal/MarkYoga/Light On Yoga/archive/Asana Images (Renamed)/07_Arm_Balances/1370_Buddhasana_Plate373.jpg,/content/drive/MyDrive/Personal/MarkYoga/Light On Yoga/web_images_from_renamed/main/07_Arm_Balances/1370_Buddhasana_Plate373.webp,/content/drive/MyDrive/Personal/MarkYoga/Light On Yoga/web_images_from_renamed/w800/07_Arm_Balances/1370_Buddhasana_Plate373.webp,OK plates=137
/content/drive/MyDrive/Personal/MarkYoga/Light On Yoga/archive/Asana Images (Renamed)/07_Arm_Balances/1380_Kapilasana_Plate374.jpg,/content/drive/MyDrive/Personal/MarkYoga/Light On Yoga/web_images_from_renamed/main/07_Arm_Balances/1380_Kapilasana_Plate374.webp,/content/drive/MyDrive/Personal/MarkYoga/Light On Yoga/web_images_from_renamed/w800/07_Arm_Balances/1380_Kapilasana_Plate374.webp,OK plates=138
/content/drive/MyDrive/Personal/MarkYoga/Light On Yoga/archive/Asana Images (Renamed)/07_Arm_Balances/1390_Bhairavasana_Plate375.jpg,/content/drive/MyDrive/Personal/MarkYoga/Light On Yoga/web_images_from_renamed/main/07_Arm_Balances/1390_Bhairavasana_Plate375.webp,/content/drive/MyDrive/Personal/MarkYoga/Light On Yoga/web_images_from_renamed/w800/07_Arm_Balances/1390_Bhairavasana_Plate375.webp,OK plates=139
/content/drive/MyDrive/Personal/MarkYoga/Light On Yoga/archive/Asana Images (Renamed)/07_Arm_Balances/1400_Kala_Bhairavasana_Plate376.jpg,/content/drive/MyDrive/Personal/MarkYoga/Light On Yoga/web_images_from_renamed/main/07_Arm_Balances/1400_Kala_Bhairavasana_Plate376.webp,/content/drive/MyDrive/Personal/MarkYoga/Light On Yoga/web_images_from_renamed/w800/07_Arm_Balances/1400_Kala_Bhairavasana_Plate376.webp,OK plates=140
/content/drive/MyDrive/Personal/MarkYoga/Light On Yoga/archive/Asana Images (Renamed)/07_Arm_Balances/1410_Chakorasana_Plate379.jpg,/content/drive/MyDrive/Personal/MarkYoga/Light On Yoga/web_images_from_renamed/main/07_Arm_Balances/1410_Chakorasana_Plate379.webp,/content/drive/MyDrive/Personal/MarkYoga/Light On Yoga/web_images_from_renamed/w800/07_Arm_Balances/1410_Chakorasana_Plate379.webp,OK plates=141
/content/drive/MyDrive/Personal/MarkYoga/Light On Yoga/archive/Asana Images (Renamed)/07_Arm_Balances/1420_Durvasasana_Plate381.jpg,/content/drive/MyDrive/Personal/MarkYoga/Light On Yoga/web_images_from_renamed/main/07_Arm_Balances/1420_Durvasasana_Plate381.webp,/content/drive/MyDrive/Personal/MarkYoga/Light On Yoga/web_images_from_renamed/w800/07_Arm_Balances/1420_Durvasasana_Plate381.webp,OK plates=142
/content/drive/MyDrive/Personal/MarkYoga/Light On Yoga/archive/Asana Images (Renamed)/07_Arm_Balances/1430_Ruchikasana_Plate384.jpg,/content/drive/MyDrive/Personal/MarkYoga/Light On Yoga/web_images_from_renamed/main/07_Arm_Balances/1430_Ruchikasana_Plate384.webp,/content/drive/MyDrive/Personal/MarkYoga/Light On Yoga/web_images_from_renamed/w800/07_Arm_Balances/1430_Ruchikasana_Plate384.webp,OK plates=143
/content/drive/MyDrive/Personal/MarkYoga/Light On Yoga/archive/Asana Images (Renamed)/07_Arm_Balances/1440_Viranchyasana_I_Plate386.jpg,/content/drive/MyDrive/Personal/MarkYoga/Light On Yoga/web_images_from_renamed/main/07_Arm_Balances/1440_Viranchyasana_I_Plate386.webp,/content/drive/MyDrive/Personal/MarkYoga/Light On Yoga/web_images_from_renamed/w800/07_Arm_Balances/1440_Viranchyasana_I_Plate386.webp,OK plates=144
/content/drive/MyDrive/Personal/MarkYoga/Light On Yoga/archive/Asana Images (Renamed)/07_Arm_Balances/1450_Viranchyasana_II_Plate388.jpg,/content/drive/MyDrive/Personal/MarkYoga/Light On Yoga/web_images_from_renamed/main/07_Arm_Balances/1450_Viranchyasana_II_Plate388.webp,/content/drive/MyDrive/Personal/MarkYoga/Light On Yoga/web_images_from_renamed/w800/07_Arm_Balances/1450_Viranchyasana_II_Plate388.webp,OK plates=145
/content/drive/MyDrive/Personal/MarkYoga/Light On Yoga/archive/Asana Images (Renamed)/07_Arm_Balances/1460_Yoganidrasana_Plate389.jpg,/content/drive/MyDrive/Personal/MarkYoga/Light On Yoga/web_images_from_renamed/main/07_Arm_Balances/1460_Yoganidrasana_Plate389.webp,/content/drive/MyDrive/Personal/MarkYoga/Light On Yoga/web_images_from_renamed/w800/07_Arm_Balances/1460_Yoganidrasana_Plate389.webp,OK plates=146
/content/drive/MyDrive/Personal/MarkYoga/Light On Yoga/archive/Asana Images (Renamed)/07_Arm_Balances/1470_Dwi_Pada_Sirasana_Plate392.jpg,/content/drive/MyDrive/Personal/MarkYoga/Light On Yoga/web_images_from_renamed/main/07_Arm_Balances/1470_Dwi_Pada_Sirasana_Plate392.webp,/content/drive/MyDrive/Personal/MarkYoga/Light On Yoga/web_images_from_renamed/w800/07_Arm_Balances/1470_Dwi_Pada_Sirasana_Plate392.webp,OK plates=147
/content/drive/MyDrive/Personal/MarkYoga/Light On Yoga/archive/Asana Images (Renamed)/07_Arm_Balances/1470_Dwi_Pada_Sirasana_Plate394.jpg,/content/drive/MyDrive/Personal/MarkYoga/Light On Yoga/web_images_from_renamed/main/07_Arm_Balances/1470_Dwi_Pada_Sirasana_Plate394.webp,/content/drive/MyDrive/Personal/MarkYoga/Light On Yoga/web_images_from_renamed/w800/07_Arm_Balances/1470_Dwi_Pada_Sirasana_Plate394.webp,OK plates=147
/content/drive/MyDrive/Personal/MarkYoga/Light On Yoga/archive/Asana Images (Renamed)/07_Arm_Balances/1490_Vasisthasana_Plate396.jpg,/content/drive/MyDrive/Personal/MarkYoga/Light On Yoga/web_images_from_renamed/main/07_Arm_Balances/1490_Vasisthasana_Plate396.webp,/content/drive/MyDrive/Personal/MarkYoga/Light On Yoga/web_images_from_renamed/w800/07_Arm_Balances/1490_Vasisthasana_Plate396.webp,OK plates=149
/content/drive/MyDrive/Personal/MarkYoga/Light On Yoga/archive/Asana Images (Renamed)/07_Arm_Balances/1500_Kasyapasana_Plate399.jpg,/content/drive/MyDrive/Personal/MarkYoga/Light On Yoga/web_images_from_renamed/main/07_Arm_Balances/1500_Kasyapasana_Plate399.webp,/content/drive/MyDrive/Personal/MarkYoga/Light On Yoga/web_images_from_renamed/w800/07_Arm_Balances/1500_Kasyapasana_Plate399.webp,OK plates=150
/content/drive/MyDrive/Personal/MarkYoga/Light On Yoga/archive/Asana Images (Renamed)/07_Arm_Balances/1510_Visvamitrasana_Plate401.jpg,/content/drive/MyDrive/Personal/MarkYoga/Light On Yoga/web_images_from_renamed/main/07_Arm_Balances/1510_Visvamitrasana_Plate401.webp,/content/drive/MyDrive/Personal/MarkYoga/Light On Yoga/web_images_from_renamed/w800/07_Arm_Balances/1510_Visvamitrasana_Plate401.webp,OK plates=151
/content/drive/MyDrive/Personal/MarkYoga/Light On Yoga/archive/Asana Images (Renamed)/07_Arm_Balances/1520_Bakasana_Plate404.jpg,/content/drive/MyDrive/Personal/MarkYoga/Light On Yoga/web_images_from_renamed/main/07_Arm_Balances/1520_Bakasana_Plate404.webp,/content/drive/MyDrive/Personal/MarkYoga/Light On Yoga/web_images_from_renamed/w800/07_Arm_Balances/1520_Bakasana_Plate404.webp,OK plates=152
/content/drive/MyDrive/Personal/MarkYoga/Light On Yoga/archive/Asana Images (Renamed)/07_Arm_Balances/1530_Parsva_Bakasana_Plate412.jpg,/content/drive/MyDrive/Personal/MarkYoga/Light On Yoga/web_images_from_renamed/main/07_Arm_Balances/1530_Parsva_Bakasana_Plate412.webp,/content/drive/MyDrive/Personal/MarkYoga/Light On Yoga/web_images_from_renamed/w800/07_Arm_Balances/1530_Parsva_Bakasana_Plate412.webp,OK plates=153
/content/drive/MyDrive/Personal/MarkYoga/Light On Yoga/archive/Asana Images (Renamed)/07_Arm_Balances/1540_Urdhva_Kukkutasana_Plate417.jpg,/content/drive/MyDrive/Personal/MarkYoga/Light On Yoga/web_images_from_renamed/main/07_Arm_Balances/1540_Urdhva_Kukkutasana_Plate417.webp,/content/drive/MyDrive/Personal/MarkYoga/Light On Yoga/web_images_from_renamed/w800/07_Arm_Balances/1540_Urdhva_Kukkutasana_Plate417.webp,OK plates=154
/content/drive/MyDrive/Personal/MarkYoga/Light On Yoga/archive/Asana Images (Renamed)/07_Arm_Balances/1560_Galavasana_Plate427.jpg,/content/drive/MyDrive/Personal/MarkYoga/Light On Yoga/web_images_from_renamed/main/07_Arm_Balances/1560_Galavasana_Plate427.webp,/content/drive/MyDrive/Personal/MarkYoga/Light On Yoga/web_images_from_renamed/w800/07_Arm_Balances/1560_Galavasana_Plate427.webp,OK plates=156
/content/drive/MyDrive/Personal/MarkYoga/Light On Yoga/archive/Asana Images (Renamed)/07_Arm_Balances/1570_Eka_Pada_Galavasana_Plate429.jpg,/content/drive/MyDrive/Personal/MarkYoga/Light On Yoga/web_images_from_renamed/main/07_Arm_Balances/1570_Eka_Pada_Galavasana_Plate429.webp,/content/drive/MyDrive/Personal/MarkYoga/Light On Yoga/web_images_from_renamed/w800/07_Arm_Balances/1570_Eka_Pada_Galavasana_Plate429.webp,OK plates=157
/content/drive/MyDrive/Personal/MarkYoga/Light On Yoga/archive/Asana Images (Renamed)/07_Arm_Balances/1580_Dwi_Pada_Koundinyasana_Plate434.jpg,/content/drive/MyDrive/Personal/MarkYoga/Light On Yoga/web_images_from_renamed/main/07_Arm_Balances/1580_Dwi_Pada_Koundinyasana_Plate434.webp,/content/drive/MyDrive/Personal/MarkYoga/Light On Yoga/web_images_from_renamed/w800/07_Arm_Balances/1580_Dwi_Pada_Koundinyasana_Plate434.webp,OK plates=158
/content/drive/MyDrive/Personal/MarkYoga/Light On Yoga/archive/Asana Images (Renamed)/07_Arm_Balances/1590_Eka_Pada_Koundinyasana_I_Plate439.jpg,/content/drive/MyDrive/Personal/MarkYoga/Light On Yoga/web_images_from_renamed/main/07_Arm_Balances/1590_Eka_Pada_Koundinyasana_I_Plate439.webp,/content/drive/MyDrive/Personal/MarkYoga/Light On Yoga/web_images_from_renamed/w800/07_Arm_Balances/1590_Eka_Pada_Koundinyasana_I_Plate439.webp,OK plates=159
/content/drive/MyDrive/Personal/MarkYoga/Light On Yoga/archive/Asana Images (Renamed)/07_Arm_Balances/1600_Eka_Pada_Koundinyasana_II_Plate442.jpg,/content/drive/MyDrive/Personal/MarkYoga/Light On Yoga/web_images_from_renamed/main/07_Arm_Balances/1600_Eka_Pada_Koundinyasana_II_Plate442.webp,/content/drive/MyDrive/Personal/MarkYoga/Light On Yoga/web_images_from_renamed/w800/07_Arm_Balances/1600_Eka_Pada_Koundinyasana_II_Plate442.webp,OK plates=160
/content/drive/MyDrive/Personal/MarkYoga/Light On Yoga/archive/Asana Images (Renamed)/07_Arm_Balances/1610_Eka_Pada_Bakasana_I_Plate445.jpg,/content/drive/MyDrive/Personal/MarkYoga/Light On Yoga/web_images_from_renamed/main/07_Arm_Balances/1610_Eka_Pada_Bakasana_I_Plate445.webp,/content/drive/MyDrive/Personal/MarkYoga/Light On Yoga/web_images_from_renamed/w800/07_Arm_Balances/1610_Eka_Pada_Bakasana_I_Plate445.webp,OK plates=161
/content/drive/MyDrive/Personal/MarkYoga/Light On Yoga/archive/Asana Images (Renamed)/07_Arm_Balances/1620_Eka_Pada_Bakasana_II_Plate448.jpg,/content/drive/MyDrive/Personal/MarkYoga/Light On Yoga/web_images_from_renamed/main/07_Arm_Balances/1620_Eka_Pada_Bakasana_II_Plate448.webp,/content/drive/MyDrive/Personal/MarkYoga/Light On Yoga/web_images_from_renamed/w800/07_Arm_Balances/1620_Eka_Pada_Bakasana_II_Plate448.webp,OK plates=162
/content/drive/MyDrive/Personal/MarkYoga/Light On Yoga/archive/Asana Images (Renamed)/08_Advanced_Leg_behind_Head/1630_Yogadandasana_Plate453.jpg,/content/drive/MyDrive/Personal/MarkYoga/Light On Yoga/web_images_from_renamed/main/08_Advanced_Leg_behind_Head/1630_Yogadandasana_Plate453.webp,/content/drive/MyDrive/Personal/MarkYoga/Light On Yoga/web_images_from_renamed/w800/08_Advanced_Leg_behind_Head/1630_Yogadandasana_Plate453.webp,OK plates=163
/content/drive/MyDrive/Personal/MarkYoga/Light On Yoga/archive/Asana Images (Renamed)/08_Advanced_Leg_behind_Head/1640_Supta_Bhekasana_Plate458.jpg,/content/drive/MyDrive/Personal/MarkYoga/Light On Yoga/web_images_from_renamed/main/08_Advanced_Leg_behind_Head/1640_Supta_Bhekasana_Plate458.webp,/content/drive/MyDrive/Personal/MarkYoga/Light On Yoga/web_images_from_renamed/w800/08_Advanced_Leg_behind_Head/1640_Supta_Bhekasana_Plate458.webp,OK plates=164
/content/drive/MyDrive/Personal/MarkYoga/Light On Yoga/archive/Asana Images (Renamed)/08_Advanced_Leg_behind_Head/1650_Mulabhandasana_Plate459.jpg,/content/drive/MyDrive/Personal/MarkYoga/Light On Yoga/web_images_from_renamed/main/08_Advanced_Leg_behind_Head/1650_Mulabhandasana_Plate459.webp,/content/drive/MyDrive/Personal/MarkYoga/Light On Yoga/web_images_from_renamed/w800/08_Advanced_Leg_behind_Head/1650_Mulabhandasana_Plate459.webp,OK plates=165
/content/drive/MyDrive/Personal/MarkYoga/Light On Yoga/archive/Asana Images (Renamed)/08_Advanced_Leg_behind_Head/1660_Vamadevasana_I_Plate464.jpg,/content/drive/MyDrive/Personal/MarkYoga/Light On Yoga/web_images_from_renamed/main/08_Advanced_Leg_behind_Head/1660_Vamadevasana_I_Plate464.webp,/content/drive/MyDrive/Personal/MarkYoga/Light On Yoga/web_images_from_renamed/w800/08_Advanced_Leg_behind_Head/1660_Vamadevasana_I_Plate464.webp,OK plates=166
/content/drive/MyDrive/Personal/MarkYoga/Light On Yoga/archive/Asana Images (Renamed)/08_Advanced_Leg_behind_Head/1670_Vamadevasana_II_Plate466.jpg,/content/drive/MyDrive/Personal/MarkYoga/Light On Yoga/web_images_from_renamed/main/08_Advanced_Leg_behind_Head/1670_Vamadevasana_II_Plate466.webp,/content/drive/MyDrive/Personal/MarkYoga/Light On Yoga/web_images_from_renamed/w800/08_Advanced_Leg_behind_Head/1670_Vamadevasana_II_Plate466.webp,OK plates=167
/content/drive/MyDrive/Personal/MarkYoga/Light On Yoga/archive/Asana Images (Renamed)/08_Advanced_Leg_behind_Head/1680_Kandasana_Plate467.jpg,/content/drive/MyDrive/Personal/MarkYoga/Light On Yoga/web_images_from_renamed/main/08_Advanced_Leg_behind_Head/1680_Kandasana_Plate467.webp,/content/drive/MyDrive/Personal/MarkYoga/Light On Yoga/web_images_from_renamed/w800/08_Advanced_Leg_behind_Head/1680_Kandasana_Plate467.webp,OK plates=168
/content/drive/MyDrive/Personal/MarkYoga/Light On Yoga/archive/Asana Images (Renamed)/08_Advanced_Leg_behind_Head/1690_Hanumanasana_Plate472.jpg,/content/drive/MyDrive/Personal/MarkYoga/Light On Yoga/web_images_from_renamed/main/08_Advanced_Leg_behind_Head/1690_Hanumanasana_Plate472.webp,/content/drive/MyDrive/Personal/MarkYoga/Light On Yoga/web_images_from_renamed/w800/08_Advanced_Leg_behind_Head/1690_Hanumanasana_Plate472.webp,OK plates=169
/content/drive/MyDrive/Personal/MarkYoga/Light On Yoga/archive/Asana Images (Renamed)/08_Advanced_Leg_behind_Head/1700_Samakonasana_Plate477.jpg,/content/drive/MyDrive/Personal/MarkYoga/Light On Yoga/web_images_from_renamed/main/08_Advanced_Leg_behind_Head/1700_Samakonasana_Plate477.webp,/content/drive/MyDrive/Personal/MarkYoga/Light On Yoga/web_images_from_renamed/w800/08_Advanced_Leg_behind_Head/1700_Samakonasana_Plate477.webp,OK plates=170
/content/drive/MyDrive/Personal/MarkYoga/Light On Yoga/archive/Asana Images (Renamed)/08_Advanced_Leg_behind_Head/1710_Supta_Trivikramasana_Plate478.jpg,/content/drive/MyDrive/Personal/MarkYoga/Light On Yoga/web_images_from_renamed/main/08_Advanced_Leg_behind_Head/1710_Supta_Trivikramasana_Plate478.webp,/content/drive/MyDrive/Personal/MarkYoga/Light On Yoga/web_images_from_renamed/w800/08_Advanced_Leg_behind_Head/1710_Supta_Trivikramasana_Plate478.webp,OK plates=171
/content/drive/MyDrive/Personal/MarkYoga/Light On Yoga/archive/Asana Images (Renamed)/09_Backbends/1720_Urdhva_Dhanurasana_I_Plate479.jpg,/content/drive/MyDrive/Personal/MarkYoga/Light On Yoga/web_images_from_renamed/main/09_Backbends/1720_Urdhva_Dhanurasana_I_Plate479.webp,/content/drive/MyDrive/Personal/MarkYoga/Light On Yoga/web_images_from_renamed/w800/09_Backbends/1720_Urdhva_Dhanurasana_I_Plate479.webp,OK plates=172
/content/drive/MyDrive/Personal/MarkYoga/Light On Yoga/archive/Asana Images (Renamed)/09_Backbends/1725_Urdhva_Dhanurasana_II_Plate486.jpg,/content/drive/MyDrive/Personal/MarkYoga/Light On Yoga/web_images_from_renamed/main/09_Backbends/1725_Urdhva_Dhanurasana_II_Plate486.webp,/content/drive/MyDrive/Personal/MarkYoga/Light On Yoga/web_images_from_renamed/w800/09_Backbends/1725_Urdhva_Dhanurasana_II_Plate486.webp,OK plates=172
/content/drive/MyDrive/Personal/MarkYoga/Light On Yoga/archive/Asana Images (Renamed)/09_Backbends/1730_Viparita_Chakrasana_in_Urdhva_Dhanurasana_Plate488.jpg,/content/drive/MyDrive/Personal/MarkYoga/Light On Yoga/web_images_from_renamed/main/09_Backbends/1730_Viparita_Chakrasana_in_Urdhva_Dhanurasana_Plate488.webp,/content/drive/MyDrive/Personal/MarkYoga/Light On Yoga/web_images_from_renamed/w800/09_Backbends/1730_Viparita_Chakrasana_in_Urdhva_Dhanurasana_Plate488.webp,OK plates=173
/content/drive/MyDrive/Personal/MarkYoga/Light On Yoga/archive/Asana Images (Renamed)/09_Backbends/1740_Eka_Pada_Urdhva_Dhanurasana_Plate500.jpg,/content/drive/MyDrive/Personal/MarkYoga/Light On Yoga/web_images_from_renamed/main/09_Backbends/1740_Eka_Pada_Urdhva_Dhanurasana_Plate500.webp,/content/drive/MyDrive/Personal/MarkYoga/Light On Yoga/web_images_from_renamed/w800/09_Backbends/1740_Eka_Pada_Urdhva_Dhanurasana_Plate500.webp,OK plates=174
/content/drive/MyDrive/Personal/MarkYoga/Light On Yoga/archive/Asana Images (Renamed)/09_Backbends/1750_Kapotanasana_Plate503.jpg,/content/drive/MyDrive/Personal/MarkYoga/Light On Yoga/web_images_from_renamed/main/09_Backbends/1750_Kapotanasana_Plate503.webp,/content/drive/MyDrive/Personal/MarkYoga/Light On Yoga/web_images_from_renamed/w800/09_Backbends/1750_Kapotanasana_Plate503.webp,OK plates=175
/content/drive/MyDrive/Personal/MarkYoga/Light On Yoga/archive/Asana Images (Renamed)/09_Backbends/1760_Laghuvajrasana_Plate513.jpg,/content/drive/MyDrive/Personal/MarkYoga/Light On Yoga/web_images_from_renamed/main/09_Backbends/1760_Laghuvajrasana_Plate513.webp,/content/drive/MyDrive/Personal/MarkYoga/Light On Yoga/web_images_from_renamed/w800/09_Backbends/1760_Laghuvajrasana_Plate513.webp,OK plates=176
/content/drive/MyDrive/Personal/MarkYoga/Light On Yoga/archive/Asana Images (Renamed)/09_Backbends/1770_Dwi_Pada_Viprarita_Dandasana_Plate514.jpg,/content/drive/MyDrive/Personal/MarkYoga/Light On Yoga/web_images_from_renamed/main/09_Backbends/1770_Dwi_Pada_Viprarita_Dandasana_Plate514.webp,/content/drive/MyDrive/Personal/MarkYoga/Light On Yoga/web_images_from_renamed/w800/09_Backbends/1770_Dwi_Pada_Viprarita_Dandasana_Plate514.webp,OK plates=177
/content/drive/MyDrive/Personal/MarkYoga/Light On Yoga/archive/Asana Images (Renamed)/09_Backbends/1780_Eka_Pada_Viprarita_Dandasana_I_Plate521.jpg,/content/drive/MyDrive/Personal/MarkYoga/Light On Yoga/web_images_from_renamed/main/09_Backbends/1780_Eka_Pada_Viprarita_Dandasana_I_Plate521.webp,/content/drive/MyDrive/Personal/MarkYoga/Light On Yoga/web_images_from_renamed/w800/09_Backbends/1780_Eka_Pada_Viprarita_Dandasana_I_Plate521.webp,OK plates=178
/content/drive/MyDrive/Personal/MarkYoga/Light On Yoga/archive/Asana Images (Renamed)/09_Backbends/1790_Eka_Pada_Viprarita_Dandasana_II_Plate522.jpg,/content/drive/MyDrive/Personal/MarkYoga/Light On Yoga/web_images_from_renamed/main/09_Backbends/1790_Eka_Pada_Viprarita_Dandasana_II_Plate522.webp,/content/drive/MyDrive/Personal/MarkYoga/Light On Yoga/web_images_from_renamed/w800/09_Backbends/1790_Eka_Pada_Viprarita_Dandasana_II_Plate522.webp,OK plates=179
/content/drive/MyDrive/Personal/MarkYoga/Light On Yoga/archive/Asana Images (Renamed)/09_Backbends/1800_Chakra_Bandhasana_Plate524.jpg,/content/drive/MyDrive/Personal/MarkYoga/Light On Yoga/web_images_from_renamed/main/09_Backbends/1800_Chakra_Bandhasana_Plate524.webp,/content/drive/MyDrive/Personal/MarkYoga/Light On Yoga/web_images_from_renamed/w800/09_Backbends/1800_Chakra_Bandhasana_Plate524.webp,OK plates=180
/content/drive/MyDrive/Personal/MarkYoga/Light On Yoga/archive/Asana Images (Renamed)/09_Backbends/1810_Mandalasana_Plate525.jpg,/content/drive/MyDrive/Personal/MarkYoga/Light On Yoga/web_images_from_renamed/main/09_Backbends/1810_Mandalasana_Plate525.webp,/content/drive/MyDrive/Personal/MarkYoga/Light On Yoga/web_images_from_renamed/w800/09_Backbends/1810_Mandalasana_Plate525.webp,OK plates=181
/content/drive/MyDrive/Personal/MarkYoga/Light On Yoga/archive/Asana Images (Renamed)/09_Backbends/1820_Vrschikasana_I_Plate536.jpg,/content/drive/MyDrive/Personal/MarkYoga/Light On Yoga/web_images_from_renamed/main/09_Backbends/1820_Vrschikasana_I_Plate536.webp,/content/drive/MyDrive/Personal/MarkYoga/Light On Yoga/web_images_from_renamed/w800/09_Backbends/1820_Vrschikasana_I_Plate536.webp,OK plates=182
/content/drive/MyDrive/Personal/MarkYoga/Light On Yoga/archive/Asana Images (Renamed)/09_Backbends/1830_Vrschikasana_II_Plate538.jpg,/content/drive/MyDrive/Personal/MarkYoga/Light On Yoga/web_images_from_renamed/main/09_Backbends/1830_Vrschikasana_II_Plate538.webp,/content/drive/MyDrive/Personal/MarkYoga/Light On Yoga/web_images_from_renamed/w800/09_Backbends/1830_Vrschikasana_II_Plate538.webp,OK plates=183
/content/drive/MyDrive/Personal/MarkYoga/Light On Yoga/archive/Asana Images (Renamed)/09_Backbends/1840_Eka_Pada_Rajakapotasana_I_Plate539.jpg,/content/drive/MyDrive/Personal/MarkYoga/Light On Yoga/web_images_from_renamed/main/09_Backbends/1840_Eka_Pada_Rajakapotasana_I_Plate539.webp,/content/drive/MyDrive/Personal/MarkYoga/Light On Yoga/web_images_from_renamed/w800/09_Backbends/1840_Eka_Pada_Rajakapotasana_I_Plate539.webp,OK plates=184
/content/drive/MyDrive/Personal/MarkYoga/Light On Yoga/archive/Asana Images (Renamed)/09_Backbends/1850_Valakhilyasana_Plate543.jpg,/content/drive/MyDrive/Personal/MarkYoga/Light On Yoga/web_images_from_renamed/main/09_Backbends/1850_Valakhilyasana_Plate543.webp,/content/drive/MyDrive/Personal/MarkYoga/Light On Yoga/web_images_from_renamed/w800/09_Backbends/1850_Valakhilyasana_Plate543.webp,OK plates=185
/content/drive/MyDrive/Personal/MarkYoga/Light On Yoga/archive/Asana Images (Renamed)/09_Backbends/1860_Eka_Pada_Rajakapotasana_II_Plate545.jpg,/content/drive/MyDrive/Personal/MarkYoga/Light On Yoga/web_images_from_renamed/main/09_Backbends/1860_Eka_Pada_Rajakapotasana_II_Plate545.webp,/content/drive/MyDrive/Personal/MarkYoga/Light On Yoga/web_images_from_renamed/w800/09_Backbends/1860_Eka_Pada_Rajakapotasana_II_Plate545.webp,OK plates=186
/content/drive/MyDrive/Personal/MarkYoga/Light On Yoga/archive/Asana Images (Renamed)/09_Backbends/1870_Eka_Pada_Rajakapotasana_III_Plate546.jpg,/content/drive/MyDrive/Personal/MarkYoga/Light On Yoga/web_images_from_renamed/main/09_Backbends/1870_Eka_Pada_Rajakapotasana_III_Plate546.webp,/content/drive/MyDrive/Personal/MarkYoga/Light On Yoga/web_images_from_renamed/w800/09_Backbends/1870_Eka_Pada_Rajakapotasana_III_Plate546.webp,OK plates=187
/content/drive/MyDrive/Personal/MarkYoga/Light On Yoga/archive/Asana Images (Renamed)/09_Backbends/1880_Eka_Pada_Rajakapotasana_IV_Plate547.jpg,/content/drive/MyDrive/Personal/MarkYoga/Light On Yoga/web_images_from_renamed/main/09_Backbends/1880_Eka_Pada_Rajakapotasana_IV_Plate547.webp,/content/drive/MyDrive/Personal/MarkYoga/Light On Yoga/web_images_from_renamed/w800/09_Backbends/1880_Eka_Pada_Rajakapotasana_IV_Plate547.webp,OK plates=188
/content/drive/MyDrive/Personal/MarkYoga/Light On Yoga/archive/Asana Images (Renamed)/09_Backbends/1890_Bhujangasana_II_Plate548.jpg,/content/drive/MyDrive/Personal/MarkYoga/Light On Yoga/web_images_from_renamed/main/09_Backbends/1890_Bhujangasana_II_Plate548.webp,/content/drive/MyDrive/Personal/MarkYoga/Light On Yoga/web_images_from_renamed/w800/09_Backbends/1890_Bhujangasana_II_Plate548.webp,OK plates=189
/content/drive/MyDrive/Personal/MarkYoga/Light On Yoga/archive/Asana Images (Renamed)/09_Backbends/1900_Rajakapotanasana_Plate551.jpg,/content/drive/MyDrive/Personal/MarkYoga/Light On Yoga/web_images_from_renamed/main/09_Backbends/1900_Rajakapotanasana_Plate551.webp,/content/drive/MyDrive/Personal/MarkYoga/Light On Yoga/web_images_from_renamed/w800/09_Backbends/1900_Rajakapotanasana_Plate551.webp,OK plates=190
/content/drive/MyDrive/Personal/MarkYoga/Light On Yoga/archive/Asana Images (Renamed)/09_Backbends/1910_Padangustha_Dhanurasana_Plate553.jpg,/content/drive/MyDrive/Personal/MarkYoga/Light On Yoga/web_images_from_renamed/main/09_Backbends/1910_Padangustha_Dhanurasana_Plate553.webp,/content/drive/MyDrive/Personal/MarkYoga/Light On Yoga/web_images_from_renamed/w800/09_Backbends/1910_Padangustha_Dhanurasana_Plate553.webp,OK plates=191
/content/drive/MyDrive/Personal/MarkYoga/Light On Yoga/archive/Asana Images (Renamed)/09_Backbends/1920_Gherandasana_I_Plate558.jpg,/content/drive/MyDrive/Personal/MarkYoga/Light On Yoga/web_images_from_renamed/main/09_Backbends/1920_Gherandasana_I_Plate558.webp,/content/drive/MyDrive/Personal/MarkYoga/Light On Yoga/web_images_from_renamed/w800/09_Backbends/1920_Gherandasana_I_Plate558.webp,OK plates=192
/content/drive/MyDrive/Personal/MarkYoga/Light On Yoga/archive/Asana Images (Renamed)/09_Backbends/1930_Gherandasana_II_Plate564.jpg,/content/drive/MyDrive/Personal/MarkYoga/Light On Yoga/web_images_from_renamed/main/09_Backbends/1930_Gherandasana_II_Plate564.webp,/content/drive/MyDrive/Personal/MarkYoga/Light On Yoga/web_images_from_renamed/w800/09_Backbends/1930_Gherandasana_II_Plate564.webp,OK plates=193
/content/drive/MyDrive/Personal/MarkYoga/Light On Yoga/archive/Asana Images (Renamed)/09_Backbends/1940_Kapinjalasana_Plate567.jpg,/content/drive/MyDrive/Personal/MarkYoga/Light On Yoga/web_images_from_renamed/main/09_Backbends/1940_Kapinjalasana_Plate567.webp,/content/drive/MyDrive/Personal/MarkYoga/Light On Yoga/web_images_from_renamed/w800/09_Backbends/1940_Kapinjalasana_Plate567.webp,OK plates=194
/content/drive/MyDrive/Personal/MarkYoga/Light On Yoga/archive/Asana Images (Renamed)/09_Backbends/1950_Sirsa_Padasana_Plate568.jpg,/content/drive/MyDrive/Personal/MarkYoga/Light On Yoga/web_images_from_renamed/main/09_Backbends/1950_Sirsa_Padasana_Plate568.webp,/content/drive/MyDrive/Personal/MarkYoga/Light On Yoga/web_images_from_renamed/w800/09_Backbends/1950_Sirsa_Padasana_Plate568.webp,OK plates=195
/content/drive/MyDrive/Personal/MarkYoga/Light On Yoga/archive/Asana Images (Renamed)/09_Backbends/1960_Ganda_Bherundasana_Plate571.jpg,/content/drive/MyDrive/Personal/MarkYoga/Light On Yoga/web_images_from_renamed/main/09_Backbends/1960_Ganda_Bherundasana_Plate571.webp,/content/drive/MyDrive/Personal/MarkYoga/Light On Yoga/web_images_from_renamed/w800/09_Backbends/1960_Ganda_Bherundasana_Plate571.webp,OK plates=196
/content/drive/MyDrive/Personal/MarkYoga/Light On Yoga/archive/Asana Images (Renamed)/09_Backbends/1970_Viparita_Salabhasana_Plate584.jpg,/content/drive/MyDrive/Personal/MarkYoga/Light On Yoga/web_images_from_renamed/main/09_Backbends/1970_Viparita_Salabhasana_Plate584.webp,/content/drive/MyDrive/Personal/MarkYoga/Light On Yoga/web_images_from_renamed/w800/09_Backbends/1970_Viparita_Salabhasana_Plate584.webp,OK plates=197
/content/drive/MyDrive/Personal/MarkYoga/Light On Yoga/archive/Asana Images (Renamed)/09_Backbends/1980_Tiriang_Mukhottanasana_Plate585.jpg,/content/drive/MyDrive/Personal/MarkYoga/Light On Yoga/web_images_from_renamed/main/09_Backbends/1980_Tiriang_Mukhottanasana_Plate585.webp,/content/drive/MyDrive/Personal/MarkYoga/Light On Yoga/web_images_from_renamed/w800/09_Backbends/1980_Tiriang_Mukhottanasana_Plate585.webp,OK plates=198
/content/drive/MyDrive/Personal/MarkYoga/Light On Yoga/archive/Asana Images (Renamed)/09_Backbends/1990_Natarajasana_Plate587.jpg,/content/drive/MyDrive/Personal/MarkYoga/Light On Yoga/web_images_from_renamed/main/09_Backbends/1990_Natarajasana_Plate587.webp,/content/drive/MyDrive/Personal/MarkYoga/Light On Yoga/web_images_from_renamed/w800/09_Backbends/1990_Natarajasana_Plate587.webp,OK plates=199
/content/drive/MyDrive/Personal/MarkYoga/Light On Yoga/archive/Asana Images (Renamed)/10_Restorative_Pranayama/1550_Parsva_Kukkutasana_Plate424.jpg,/content/drive/MyDrive/Personal/MarkYoga/Light On Yoga/web_images_from_renamed/main/10_Restorative_Pranayama/1550_Parsva_Kukkutasana_Plate424.webp,/content/drive/MyDrive/Personal/MarkYoga/Light On Yoga/web_images_from_renamed/w800/10_Restorative_Pranayama/1550_Parsva_Kukkutasana_Plate424.webp,OK plates=155
/content/drive/MyDrive/Personal/MarkYoga/Light On Yoga/archive/Asana Images (Renamed)/10_Restorative_Pranayama/1550_Parsva_Kukkutasana_Plate425.jpg,/content/drive/MyDrive/Personal/MarkYoga/Light On Yoga/web_images_from_renamed/main/10_Restorative_Pranayama/1550_Parsva_Kukkutasana_Plate425.webp,/content/drive/MyDrive/Personal/MarkYoga/Light On Yoga/web_images_from_renamed/w800/10_Restorative_Pranayama/1550_Parsva_Kukkutasana_Plate425.webp,OK plates=155
/content/drive/MyDrive/Personal/MarkYoga/Light On Yoga/archive/Asana Images (Renamed)/10_Restorative_Pranayama/2000_Mrtasana-Savasana_Plate592.jpg,/content/drive/MyDrive/Personal/MarkYoga/Light On Yoga/web_images_from_renamed/main/10_Restorative_Pranayama/2000_Mrtasana-Savasana_Plate592.webp,/content/drive/MyDrive/Personal/MarkYoga/Light On Yoga/web_images_from_renamed/w800/10_Restorative_Pranayama/2000_Mrtasana-Savasana_Plate592.webp,OK plates=200
/content/drive/MyDrive/Personal/MarkYoga/Light On Yoga/archive/Asana Images (Renamed)/10_Restorative_Pranayama/2010_Uddiyana_Bandha_Plate593.jpg,/content/drive/MyDrive/Personal/MarkYoga/Light On Yoga/web_images_from_renamed/main/10_Restorative_Pranayama/2010_Uddiyana_Bandha_Plate593.webp,/content/drive/MyDrive/Personal/MarkYoga/Light On Yoga/web_images_from_renamed/w800/10_Restorative_Pranayama/2010_Uddiyana_Bandha_Plate593.webp,OK plates=201
/content/drive/MyDrive/Personal/MarkYoga/Light On Yoga/archive/Asana Images (Renamed)/10_Restorative_Pranayama/2020_Nauli_Plate595.jpg,/content/drive/MyDrive/Personal/MarkYoga/Light On Yoga/web_images_from_renamed/main/10_Restorative_Pranayama/2020_Nauli_Plate595.webp,/content/drive/MyDrive/Personal/MarkYoga/Light On Yoga/web_images_from_renamed/w800/10_Restorative_Pranayama/2020_Nauli_Plate595.webp,OK plates=202
/content/drive/MyDrive/Personal/MarkYoga/Light On Yoga/archive/Asana Images (Renamed)/10_Restorative_Pranayama/2030_Ujjayi_Pranayama_Plate597.jpg,/content/drive/MyDrive/Personal/MarkYoga/Light On Yoga/web_images_from_renamed/main/10_Restorative_Pranayama/2030_Ujjayi_Pranayama_Plate597.webp,/content/drive/MyDrive/Personal/MarkYoga/Light On Yoga/web_images_from_renamed/w800/10_Restorative_Pranayama/2030_Ujjayi_Pranayama_Plate597.webp,OK plates=203
/content/drive/MyDrive/Personal/MarkYoga/Light On Yoga/archive/Asana Images (Renamed)/10_Restorative_Pranayama/2040_Surya_Bhedana_Pranayama_Plate598.jpg,/content/drive/MyDrive/Personal/MarkYoga/Light On Yoga/web_images_from_renamed/main/10_Restorative_Pranayama/2040_Surya_Bhedana_Pranayama_Plate598.webp,/content/drive/MyDrive/Personal/MarkYoga/Light On Yoga/web_images_from_renamed/w800/10_Restorative_Pranayama/2040_Surya_Bhedana_Pranayama_Plate598.webp,OK plates=204
/content/drive/MyDrive/Personal/MarkYoga/Light On Yoga/archive/Asana Images (Renamed)/10_Restorative_Pranayama/2050_Nadi_Sodhana_Pranayama_Plate600.jpg,/content/drive/MyDrive/Personal/MarkYoga/Light On Yoga/web_images_from_renamed/main/10_Restorative_Pranayama/2050_Nadi_Sodhana_Pranayama_Plate600.webp,/content/drive/MyDrive/Personal/MarkYoga/Light On Yoga/web_images_from_renamed/w800/10_Restorative_Pranayama/2050_Nadi_Sodhana_Pranayama_Plate600.webp,OK plates=205
/content/drive/MyDrive/Personal/MarkYoga/Light On Yoga/archive/Asana Images (Renamed)/10_Restorative_Pranayama/2090_Sitali_Pranayama_Plate601.jpg,/content/drive/MyDrive/Personal/MarkYoga/Light On Yoga/web_images_from_renamed/main/10_Restorative_Pranayama/2090_Sitali_Pranayama_Plate601.webp,/content/drive/MyDrive/Personal/MarkYoga/Light On Yoga/web_images_from_renamed/w800/10_Restorative_Pranayama/2090_Sitali_Pranayama_Plate601.webp,OK plates=209
/content/drive/MyDrive/Personal/MarkYoga/Light On Yoga/archive/Asana Images (Renamed)/10_Restorative_Pranayama/2160_Sahita_and_Kevala_Kumbhaka_Pranayama_Plate602.jpg,/content/drive/MyDrive/Personal/MarkYoga/Light On Yoga/web_images_from_renamed/main/10_Restorative_Pranayama/2160_Sahita_and_Kevala_Kumbhaka_Pranayama_Plate602.webp,/content/drive/MyDrive/Personal/MarkYoga/Light On Yoga/web_images_from_renamed/w800/10_Restorative_Pranayama/2160_Sahita_and_Kevala_Kumbhaka_Pranayama_Plate602.webp,OK plates=216
